country,states
Afghanistan,Badakhshan
Afghanistan,Helmand
Afghanistan,Herat
Afghanistan,Kabul
Afghanistan,Kapisa
Afghanistan,Logar
Afghanistan,Nangarhar
Afghanistan,Nimroz
Afghanistan,Badghis
Afghanistan,Kandahar
Afghanistan,Kunduz
Afghanistan,Takhar
Afghanistan,Vardak
Afghanistan,Zabul
Afghanistan,Paktika
Afghanistan,Baghlan
Afghanistan,Balkh
Afghanistan,Jowzjan
Afghanistan,Samangan
Afghanistan,Sar-e Pol
Afghanistan,Kunar
Afghanistan,Laghman
Afghanistan,Paktia
Afghanistan,Khowst
Afghanistan,Nuristan
Afghanistan,Oruzgan
Afghanistan,Parwan
Afghanistan,Daykundi
Afghanistan,Panjshir
Afghanistan,Bamyan
Afghanistan,Farah
Afghanistan,Faryab
Afghanistan,Ghazni
Afghanistan,Ghowr
Albania,Berat
Albania,Diber
Albania,Durres
Albania,Elbasan
Albania,Fier
Albania,Gjirokaster
Albania,Korce
Albania,Kukes
Albania,Lezhe
Albania,Shkoder
Albania,Tirane
Albania,Vlore
Algeria,Algiers
Algeria,Saida
Algeria,Setif
Algeria,Tiaret
Algeria,Tizi Ouzou
Algeria,Tlemcen
Algeria,Bejaia
Algeria,Biskra
Algeria,Blida
Algeria,Bouira
Algeria,Djelfa
Algeria,Guelma
Algeria,Jijel
Algeria,Laghouat
Algeria,Mascara
Algeria,'M''Sila'
Algeria,Oum el Bouaghi
Algeria,Batna
Algeria,Sidi Bel Abbes
Algeria,Skikda
Algeria,Tebessa
Algeria,Adrar
Algeria,Ain Defla
Algeria,Ain Temouchent
Algeria,Annaba
Algeria,Bechar
Algeria,Bordj Bou Arreridj
Algeria,Constantine
Algeria,Boumerdes
Algeria,Chlef
Algeria,El Bayadh
Algeria,El Oued
Algeria,El Tarf
Algeria,Ghardaia
Algeria,Illizi
Algeria,Khenchela
Algeria,Mila
Algeria,Naama
Algeria,Ouargla
Algeria,Relizane
Algeria,Souk Ahras
Algeria,Tamanrasset
Algeria,Tindouf
Algeria,Tipaza
Algeria,Tissemsilt
Algeria,Medea
Algeria,Mostaganem
Algeria,Oran
Andorra,Canillo
Andorra,Encamp
Andorra,La Massana
Andorra,Ordino
Andorra,Sant Julia de Loria
Andorra,Andorra la Vella
Andorra,Escaldes-Engordany
Angola,Benguela
Angola,Malanje
Angola,Namibe
Angola,Moxico
Angola,Uige
Angola,Zaire
Angola,Luanda Norte
Angola,Lunda Sul
Angola,Bengo
Angola,Bie
Angola,Luanda
Angola,Cabinda
Angola,Cuando Cobango
Angola,Cuanza Norte
Angola,Kwanza Sul
Angola,Cunene
Angola,Huambo
Angola,Huila
Anguilla,Blowing Point
Anguilla,Sandy Ground
Anguilla,Sandy Hill
Anguilla,The Valley
Anguilla,East End
Anguilla,North Hill
Anguilla,West End
Anguilla,South Hill
Anguilla,The Quarter
Anguilla,North Side
Anguilla,Island Harbour
Anguilla,George Hill
Anguilla,Stoney Ground
Anguilla,The Farrington
Antigua and Barbuda,Saint Philip
Antigua and Barbuda,Redonda
Antigua and Barbuda,Barbuda
Antigua and Barbuda,Saint George
Antigua and Barbuda,Saint John
Antigua and Barbuda,Saint Mary
Antigua and Barbuda,Saint Paul
Antigua and Barbuda,Saint Peter
Argentina,Buenos Aires
Argentina,Jujuy
Argentina,La Pampa
Argentina,La Rioja
Argentina,Mendoza
Argentina,Misiones
Argentina,Neuquen
Argentina,Rio Negro
Argentina,Salta
Argentina,San Juan
Argentina,San Luis
Argentina,Catamarca
Argentina,Santa Cruz
Argentina,Santa Fe
Argentina,Santiago del Estero
Argentina,Tierra del Fuego
Argentina,Tucuman
Argentina,Chaco
Argentina,Chubut
Argentina,Cordoba
Argentina,Corrientes
Argentina,Buenos Aires F.D.
Argentina,Entre Rios
Argentina,Formosa
Armenia,Aragatsotn
Armenia,Vayots Dzor
Armenia,Armavir
Armenia,Ararat
Armenia,Gegharkunik
Armenia,Kotayk
Armenia,Lori
Armenia,Shirak
Armenia,Syunik
Armenia,Tavush
Armenia,Vayots-Dzor
Armenia,Yerevan
Australia,Australian Capital Territory
Australia,New South Wales
Australia,Northern Territory
Australia,Queensland
Australia,South Australia
Australia,Tasmania
Australia,Victoria
Australia,Western Australia
Austria,Burgenland
Austria,Carinthia
Austria,Lower Austria
Austria,Upper Austria
Austria,Salzburg
Austria,Styria
Austria,Tyrol
Austria,Vorarlberg
Austria,Vienna
Azerbaijan,Abseron
Azerbaijan,Balakan
Azerbaijan,Barda
Azerbaijan,Beylaqan
Azerbaijan,Bilasuvar
Azerbaijan,Jabrayil
Azerbaijan,Jalilabad
Azerbaijan,Dashkasan
Azerbaijan,Shabran
Azerbaijan,Fuezuli
Azerbaijan,Gadabay
Azerbaijan,Aghjabadi
Azerbaijan,Ganja
Azerbaijan,Goranboy
Azerbaijan,Goeycay
Azerbaijan,Haciqabul
Azerbaijan,Imisli
Azerbaijan,Ismayilli
Azerbaijan,Kalbajar
Azerbaijan,Kurdamir
Azerbaijan,Lacin
Azerbaijan,Lankaran
Azerbaijan,Agdam
Azerbaijan,Lankaran Sahari
Azerbaijan,Lerik
Azerbaijan,Masally
Azerbaijan,Mingacevir
Azerbaijan,Naftalan
Azerbaijan,Nakhichevan
Azerbaijan,Neftcala
Azerbaijan,Oguz
Azerbaijan,Qabala
Azerbaijan,Qakh
Azerbaijan,Agdas
Azerbaijan,Qazax
Azerbaijan,Qobustan
Azerbaijan,Quba
Azerbaijan,Qubadli
Azerbaijan,Qusar
Azerbaijan,Saatli
Azerbaijan,Sabirabad
Azerbaijan,Shaki
Azerbaijan,Shaki City
Azerbaijan,Salyan
Azerbaijan,Agstafa
Azerbaijan,Samaxi
Azerbaijan,Shamkir
Azerbaijan,Samux
Azerbaijan,Siazan
Azerbaijan,Sumqayit
Azerbaijan,Susa
Azerbaijan,__h_ri
Azerbaijan,Tartar
Azerbaijan,Tovuz
Azerbaijan,Ucar
Azerbaijan,Agsu
Azerbaijan,Xacmaz
Azerbaijan,Xankandi
Azerbaijan,Goygol Rayon
Azerbaijan,Xizi
Azerbaijan,Xocali
Azerbaijan,Khojavend
Azerbaijan,Yardimli
Azerbaijan,Yevlax
Azerbaijan,Yevlax City
Azerbaijan,Zangilan
Azerbaijan,Shirvan
Azerbaijan,Zaqatala
Azerbaijan,Zardab
Azerbaijan,Nakhchivan
Azerbaijan,Astara
Azerbaijan,Baki
Bahamas,Exuma
Bahamas,Inagua
Bahamas,Long Island
Bahamas,Mayaguana
Bahamas,Ragged Island
Bahamas,Harbour Island
Bahamas,New Providence
Bahamas,Acklins
Bahamas,Freeport
Bahamas,Berry Islands
Bahamas,San Salvador
Bahamas,Black Point
Bahamas,Central Abaco
Bahamas,Central Andros
Bahamas,Central Eleuthera
Bahamas,Crooked Island and Long Cay
Bahamas,East Grand Bahama
Bahamas,Grand Cay
Bahamas,Hope Town
Bahamas,Mangrove Cay
Bahamas,'Moore''s Island'
Bahamas,North Abaco
Bahamas,North Andros
Bahamas,North Eleuthera
Bahamas,Rum Cay
Bahamas,Bimini
Bahamas,South Abaco
Bahamas,South Andros
Bahamas,South Eleuthera
Bahamas,Spanish Wells
Bahamas,West Grand Bahama
Bahamas,Cat Island
Bahrain,Muharraq
Bahrain,Manama
Bahrain,Southern Governorate
Bahrain,Central Governorate
Bahrain,Northern
Bangladesh,Dhaka
Bangladesh,Khulna
Bangladesh,Rajshahi
Bangladesh,Chittagong
Bangladesh,Barisal
Bangladesh,Sylhet
Bangladesh,Rangpur Division
Bangladesh,Mymensingh Division
Barbados,Saint George
Barbados,Christ Church
Barbados,Saint Philip
Barbados,Saint Thomas
Barbados,Saint Andrew
Barbados,Saint James
Barbados,Saint John
Barbados,Saint Joseph
Barbados,Saint Lucy
Barbados,Saint Michael
Barbados,Saint Peter
Belarus,Brest
Belarus,Gomel
Belarus,Grodnenskaya
Belarus,Minsk City
Belarus,Minsk
Belarus,Mogilev
Belarus,Vitebsk
Belgium,Brussels Capital
Belgium,Flanders
Belgium,Wallonia
Belize,Belize
Belize,Cayo
Belize,Corozal
Belize,Orange Walk
Belize,Stann Creek
Belize,Toledo
Benin,Borgou
Benin,Collines
Benin,Kouffo
Benin,Donga
Benin,Littoral
Benin,Mono
Benin,Oueme
Benin,Plateau
Benin,Zou
Benin,Alibori
Benin,Atakora
Benin,Atlantique
Bermuda,Devonshire
Bermuda,Hamilton
Bermuda,Paget
Bermuda,Pembroke
Bermuda,'Saint George''s'
Bermuda,Sandys
Bermuda,'Smith''s'
Bermuda,Southampton
Bermuda,Warwick
Bermuda,Hamilton city
Bermuda,Saint George
Bhutan,Haa
Bhutan,Lhuntse
Bhutan,Mongar
Bhutan,Paro
Bhutan,Pemagatshel
Bhutan,Punakha
Bhutan,Samchi
Bhutan,Samdrup Jongkhar
Bhutan,Shemgang
Bhutan,Tashigang
Bhutan,Thimphu
Bhutan,Tongsa
Bhutan,Wangdi Phodrang
Bhutan,Gasa
Bhutan,Trashi Yangste
Bhutan,Bumthang
Bhutan,Chukha
Bhutan,Chirang
Bhutan,Dagana
Bhutan,Geylegphug
Bolivia,Chuquisaca
Bolivia,Cochabamba
Bolivia,El Beni
Bolivia,La Paz
Bolivia,Oruro
Bolivia,Pando
Bolivia,Potosi
Bolivia,Santa Cruz
Bolivia,Tarija
Bosnia and Herzegovina,Federation of B&H
Bosnia and Herzegovina,Srspka
Bosnia and Herzegovina,Brcko
Botswana,Central
Botswana,Ngwaketsi
Botswana,North-West
Botswana,Ghanzi
Botswana,Kgalagadi
Botswana,Kgatleng
Botswana,Kweneng
Botswana,North-East
Botswana,South-East
Brazil,Maranhao
Brazil,Minas Gerais
Brazil,Para
Brazil,Paraiba
Brazil,Parana
Brazil,Piaui
Brazil,Rondonia
Brazil,Sao Paulo
Brazil,Goias
Brazil,Amapa
Brazil,Bahia
Brazil,Ceara
Brazil,Federal District
Brazil,Acre
Brazil,Alagoas
Brazil,Amazonas
Brazil,Distrito Federal
Brazil,Espirito Santo
Brazil,Mato Grosso
Brazil,Mato Grosso do Sul
Brazil,Pernambuco
Brazil,Rio de Janeiro
Brazil,Rio Grande do Norte
Brazil,Rio Grande do Sul
Brazil,Roraima
Brazil,Santa Catarina
Brazil,Sergipe
Brazil,Tocantins
Brunei Darussalam,Belait
Brunei Darussalam,Brunei and Muara
Brunei Darussalam,Temburong
Brunei Darussalam,Tutong
Bulgaria,Blagoevgrad
Bulgaria,Burgas
Bulgaria,Dobrich
Bulgaria,Gabrovo
Bulgaria,Sofia-Capital
Bulgaria,Khaskovo
Bulgaria,Kurdzhali
Bulgaria,Kyustendil
Bulgaria,Lovech
Bulgaria,Montana
Bulgaria,Pazardzhik
Bulgaria,Pernik
Bulgaria,Pleven
Bulgaria,Plovdiv
Bulgaria,Razgrad
Bulgaria,Ruse
Bulgaria,Shumen
Bulgaria,Silistra
Bulgaria,Sliven
Bulgaria,Smolyan
Bulgaria,Sofia
Bulgaria,Stara Zagora
Bulgaria,Turgovishte
Bulgaria,Varna
Bulgaria,Veliko Turnovo
Bulgaria,Vidin
Bulgaria,Vratsa
Bulgaria,Yambol
Burkina Faso,Boucle du Mouhoun
Burkina Faso,Nord
Burkina Faso,Plateau-Central
Burkina Faso,Sahel
Burkina Faso,Sud-Ouest
Burkina Faso,Cascades
Burkina Faso,Centre
Burkina Faso,Centre-Est
Burkina Faso,Centre-Nord
Burkina Faso,Centre-Ouest
Burkina Faso,Centre-Sud
Burkina Faso,Est
Burkina Faso,Hauts-Bassins
Burundi,Bururi
Burundi,Cankuzo
Burundi,Cibitoke
Burundi,Gitega
Burundi,Karuzi
Burundi,Kayanza
Burundi,Kirundo
Burundi,Makamba
Burundi,Muyinga
Burundi,Ngozi
Burundi,Rutana
Burundi,Ruyigi
Burundi,Muramvya
Burundi,Mwaro
Burundi,Bujumbura Mairie
Burundi,Bujumbura Rural
Burundi,Rumonge
Burundi,Bubanza
Cambodia,Mondolkiri
Cambodia,Pursat
Cambodia,Preah Vihear
Cambodia,Prey Veng
Cambodia,Stung Treng
Cambodia,Svay Rieng
Cambodia,Takeo
Cambodia,Kampong Cham
Cambodia,Kampot
Cambodia,Phnom Penh
Cambodia,Ratanakiri
Cambodia,Siem Reap
Cambodia,Banteay Meanchey
Cambodia,Kep
Cambodia,Otar Meanchey
Cambodia,Preah Sihanouk
Cambodia,Battambang
Cambodia,Kampong Chhnang
Cambodia,Pailin
Cambodia,Tboung Khmum
Cambodia,Kampong Speu
Cambodia,Kampong Thom
Cambodia,Kandal
Cambodia,Koh Kong
Cambodia,Kratie
Cameroon,Adamaoua
Cameroon,Centre
Cameroon,Far North
Cameroon,North
Cameroon,South
Cameroon,East
Cameroon,Littoral
Cameroon,North-West
Cameroon,West
Cameroon,South-West
Canada,Alberta
Canada,British Columbia
Canada,Manitoba
Canada,New Brunswick
Canada,Newfoundland and Labrador
Canada,Nova Scotia
Canada,Nunavut
Canada,Northwest Territories
Canada,Ontario
Canada,Prince Edward Island
Canada,Quebec
Canada,Saskatchewan
Canada,Yukon
Cape Verde,Boa Vista
Cape Verde,Sao Vicente
Cape Verde,Mosteiros
Cape Verde,Praia
Cape Verde,Santa Catarina
Cape Verde,Santa Cruz
Cape Verde,Sao Domingos
Cape Verde,Sao Filipe
Cape Verde,Sao Miguel
Cape Verde,Brava
Cape Verde,Tarrafal
Cape Verde,Porto Novo
Cape Verde,Ribeira Brava
Cape Verde,Ribeira Grande de Santiago
Cape Verde,Santa Catarina do Fogo
Cape Verde,Sao Lourenco dos Orgaos
Cape Verde,Sao Salvador do Mundo
Cape Verde,Tarrafal de Sao Nicolau
Cape Verde,Maio
Cape Verde,Paul
Cape Verde,Ribeira Grande
Cape Verde,Sal
Cayman Islands,George Town
Cayman Islands,West Bay
Cayman Islands,Bodden Town
Cayman Islands,North Side
Cayman Islands,East End
Cayman Islands,Sister Island
Central African Republic,Bamingui-Bangoran
Central African Republic,Ouaka
Central African Republic,Ouham
Central African Republic,Ouham-Pende
Central African Republic,Vakaga
Central African Republic,Nana-Grebizi
Central African Republic,Sangha-Mbaere
Central African Republic,'Ombella-M''Poko'
Central African Republic,Bangui
Central African Republic,Basse-Kotto
Central African Republic,Haute-Kotto
Central African Republic,Mambere-Kadei
Central African Republic,Haut-Mbomou
Central African Republic,Kemo
Central African Republic,Lobaye
Central African Republic,Mbomou
Central African Republic,Nana-Mambere
Chad,Batha
Chad,Ouadai
Chad,Salamat
Chad,Tandjile
Chad,Chari-Baguirmi
Chad,Mayo-Kebbi Est
Chad,Moyen-Chari
Chad,Hadjer-Lamis
Chad,Mandoul
Chad,Wadi Fira
Chad,Mayo-Kebbi Ouest
Chad,'N''Djamena'
Chad,Barh el Gazel
Chad,Borkou
Chad,Sila
Chad,Tibesti
Chad,Ennedi-Est
Chad,Ennedi-Ouest
Chad,Guera
Chad,Kanem
Chad,Lac
Chad,Logone Occidental
Chad,Logone Oriental
Chile,Valparaiso
Chile,Magallanes
Chile,Maule
Chile,Santiago Metropolitan
Chile,Los Lagos
Chile,Tarapaca
Chile,Arica y Parinacota
Chile,Los Rios
Chile,Aisen
Chile,Antofagasta
Chile,Araucania
Chile,Atacama
Chile,Biobio
Chile,Coquimbo
Chile,'O''Higgins'
China,Xinjiang
China,Tibet
China,Guangxi
China,Inner Mongolia
China,Ningsia Hui Autonomous Region
China,Shanxi
China,Anhui
China,Beijing
China,Chongqing
China,Fujian
China,Gansu
China,Guangdong
China,Guizhou
China,Guangxi Zhuang
China,Hainan
China,Hebei
China,Heilongjiang
China,Henan
China,Hubei
China,Hunan
China,Jiangsu
China,Jilin
China,Jiangxi
China,Liaoning
China,Ningxia Hui
China,Nei Mongol
China,Qinghai
China,Shanghai
China,Shaanxi
China,Sichuan
China,Shandong
China,Tianjin
China,Xinjiang Uygur
China,Xizang
China,Yunnan
China,Zhejiang
Colombia,Amazonas
Colombia,Cesar
Colombia,Choco
Colombia,Cordoba
Colombia,Guaviare
Colombia,Guainia
Colombia,Huila
Colombia,La Guajira
Colombia,Meta
Colombia,Antioquia
Colombia,Narino
Colombia,Norte de Santander
Colombia,Putumayo
Colombia,Quindio
Colombia,Risaralda
Colombia,San Andres y Providencia
Colombia,Santander
Colombia,Sucre
Colombia,Tolima
Colombia,Valle del Cauca
Colombia,Arauca
Colombia,Vaupes
Colombia,Vichada
Colombia,Casanare
Colombia,Cundinamarca
Colombia,Bogota D.C.
Colombia,Bolivar
Colombia,Boyaca
Colombia,Caldas
Colombia,Magdalena
Colombia,Atlantico
Colombia,Caqueta
Colombia,Cauca
Comoros,Anjouan
Comoros,Grande Comore
Comoros,Moheli
Congo,Bouenza
Congo,Sangha
Congo,Pool
Congo,Brazzaville
Congo,Cuvette
Congo,Cuvette-Ouest
Congo,Kouilou
Congo,Lekoumou
Congo,Likouala
Congo,Niari
Congo,Pointe-Noire
Congo,Plateaux
Costa Rica,Alajuela
Costa Rica,Cartago
Costa Rica,Guanacaste
Costa Rica,Heredia
Costa Rica,Limon
Costa Rica,Puntarenas
Costa Rica,San Jose
Croatia (Hrvatska),Bjelovarsko-Bilogorska
Croatia (Hrvatska),Osjecko-Baranjska
Croatia (Hrvatska),Pozesko-Slavonska
Croatia (Hrvatska),Primorsko-Goranska
Croatia (Hrvatska),Sibensko-Kniniska
Croatia (Hrvatska),Sisacko-Moslavacka
Croatia (Hrvatska),Splitsko-Dalmatinska
Croatia (Hrvatska),Varazdinska
Croatia (Hrvatska),Virovitick-Podravska
Croatia (Hrvatska),Vukovar-Sirmium
Croatia (Hrvatska),Zadarska
Croatia (Hrvatska),Slavonski Brod-Posavina
Croatia (Hrvatska),Zagrebacka
Croatia (Hrvatska),City of Zagreb
Croatia (Hrvatska),Dubrovacko-Neretvanska
Croatia (Hrvatska),Istarska
Croatia (Hrvatska),Karlovacka
Croatia (Hrvatska),Koprivnicko-Krizevacka
Croatia (Hrvatska),Krapinsko-Zagorska
Croatia (Hrvatska),Licko-Senjska
Croatia (Hrvatska),Medimurska
Cuba,Pinar del Rio
Cuba,Guantanamo
Cuba,Holguin
Cuba,Las Tunas
Cuba,Sancti Spiritus
Cuba,Santiago de Cuba
Cuba,Villa Clara
Cuba,La Habana
Cuba,Matanzas
Cuba,Isla de la Juventud
Cuba,Camaguey
Cuba,Ciego de Avila
Cuba,Cienfuegos
Cuba,Granma
Cuba,Artemisa
Cuba,Mayabeque
Cyprus,Ammochostos
Cyprus,Keryneia
Cyprus,Larnaka
Cyprus,Nicosia
Cyprus,Limassol
Cyprus,Pafos
Czech Republic,Praha
Czech Republic,South Moravian
Czech Republic,Jihocesky
Czech Republic,Vysocina
Czech Republic,Karlovarsky
Czech Republic,Kralovehradecky
Czech Republic,Liberecky
Czech Republic,Olomoucky
Czech Republic,Moravskoslezsky
Czech Republic,Pardubicky
Czech Republic,Plzensky
Czech Republic,Central Bohemia
Czech Republic,Ustecky
Czech Republic,Zlin
Denmark,Capital Region
Denmark,Central Jutland
Denmark,North Denmark
Denmark,Zealand
Denmark,South Denmark
Djibouti,Ali Sabieh
Djibouti,Obock
Djibouti,Tadjourah
Djibouti,Dikhil
Djibouti,Djibouti
Djibouti,Arta
Dominica,Saint Paul
Dominica,Saint Peter
Dominica,Saint Andrew
Dominica,Saint David
Dominica,Saint George
Dominica,Saint John
Dominica,Saint Joseph
Dominica,Saint Luke
Dominica,Saint Mark
Dominica,Saint Patrick
Dominican Republic,Azua
Dominican Republic,La Altagracia
Dominican Republic,Elias Pina
Dominican Republic,La Romana
Dominican Republic,Maria Trinidad Sanchez
Dominican Republic,Monte Cristi
Dominican Republic,Pedernales
Dominican Republic,Puerto Plata
Dominican Republic,Hermanas Mirabal
Dominican Republic,Baoruco
Dominican Republic,Samana
Dominican Republic,Sanchez Ramirez
Dominican Republic,San Juan
Dominican Republic,San Pedro de Macoris
Dominican Republic,Santiago
Dominican Republic,Santiago Rodriguez
Dominican Republic,Valverde
Dominican Republic,El Seibo
Dominican Republic,Hato Mayor
Dominican Republic,Barahona
Dominican Republic,La Vega
Dominican Republic,Monsenor Nouel
Dominican Republic,Monte Plata
Dominican Republic,San Cristobal
Dominican Republic,Nacional
Dominican Republic,Peravia
Dominican Republic,San Jose de Ocoa
Dominican Republic,Santo Domingo
Dominican Republic,Dajabon
Dominican Republic,Duarte
Dominican Republic,Espaillat
Dominican Republic,Independencia
Ecuador,Galapagos
Ecuador,Guayas
Ecuador,Imbabura
Ecuador,Loja
Ecuador,Los Rios
Ecuador,Manabi
Ecuador,Morona-Santiago
Ecuador,Pastaza
Ecuador,Pichincha
Ecuador,Tungurahua
Ecuador,Azuay
Ecuador,Zamora-Chinchipe
Ecuador,Sucumbios
Ecuador,Napo
Ecuador,Orellana
Ecuador,Santa Elena
Ecuador,Santo Domingo de los Tsachilas
Ecuador,Bolivar
Ecuador,Canar
Ecuador,Carchi
Ecuador,Chimborazo
Ecuador,Cotopaxi
Ecuador,El Oro
Ecuador,Esmeraldas
Egypt,Dakahlia
Egypt,Minya
Egypt,Cairo
Egypt,Qalyubia
Egypt,New Valley
Egypt,Sharqia
Egypt,Suez
Egypt,Aswan
Egypt,Asyut
Egypt,Beni Suweif
Egypt,Port Said
Egypt,Red Sea
Egypt,Damietta
Egypt,Kafr el-Sheikh
Egypt,Matruh
Egypt,Qena
Egypt,Sohag
Egypt,South Sinai
Egypt,North Sinai
Egypt,Luxor
Egypt,Beheira
Egypt,Faiyum
Egypt,Gharbia
Egypt,Alexandria
Egypt,Ismailia
Egypt,Giza
Egypt,Monufia
El Salvador,Ahuachapan
El Salvador,San Salvador
El Salvador,Santa Ana
El Salvador,San Vicente
El Salvador,Sonsonate
El Salvador,Usulutan
El Salvador,Cabanas
El Salvador,Chalatenango
El Salvador,Cuscatlan
El Salvador,La Libertad
El Salvador,La Paz
El Salvador,La Union
El Salvador,Morazan
El Salvador,San Miguel
Equatorial Guinea,Annobon
Equatorial Guinea,Bioko Norte
Equatorial Guinea,Bioko Sur
Equatorial Guinea,Centro Sur
Equatorial Guinea,Kie-Ntem
Equatorial Guinea,Litoral
Equatorial Guinea,Wele-Nzas
Eritrea,Anseba
Eritrea,Debub
Eritrea,Southern Red Sea
Eritrea,Gash-Barka
Eritrea,Maekel
Eritrea,Northern Red Sea
Estonia,Harjumaa
Estonia,Paernumaa
Estonia,Polvamaa
Estonia,Raplamaa
Estonia,Saare
Estonia,Tartu
Estonia,Valgamaa
Estonia,Hiiumaa
Estonia,Viljandimaa
Estonia,Vorumaa
Estonia,Ida-Virumaa
Estonia,Jaervamaa
Estonia,Jogevamaa
Estonia,Laeaene
Estonia,Laeaene-Virumaa
Ethiopia,Addis Ababa
Ethiopia,Afar
Ethiopia,Amhara
Ethiopia,Binshangul Gumuz
Ethiopia,Dire Dawa
Ethiopia,Gambela
Ethiopia,Harari
Ethiopia,Oromiya
Ethiopia,Somali
Ethiopia,Tigray
Ethiopia,SNNPR
Faroe Islands,Nordoyar
Faroe Islands,Eysturoy
Faroe Islands,Sandoy
Faroe Islands,Streymoy
Faroe Islands,Suduroy
Faroe Islands,Vagar
Fiji,Central
Fiji,Eastern
Fiji,Northern
Fiji,Rotuma
Fiji,Western
Finland,Uusimaa
Finland,Southern Savonia
Finland,Northern Savo
Finland,North Karelia
Finland,Central Finland
Finland,Southern Ostrobothnia
Finland,Ostrobothnia
Finland,Central Ostrobothnia
Finland,Northern Ostrobothnia
Finland,Kainuu
Finland,Lapland
Finland,Southwest Finland
Finland,Satakunta
Finland,Haeme
Finland,Pirkanmaa
Finland,Paijanne Tavastia
Finland,Kymenlaakso
Finland,South Karelia
France,Ile-de-France
France,Centre
France,Bourgogne-Franche-Comte
France,Normandy
France,Hauts-de-France
France,Grand Est
France,Pays de la Loire
France,Brittany
France,Nouvelle-Aquitaine
France,Occitanie
France,Auvergne-Rhone-Alpes
France,'Provence-Alpes-Cote d''Azur'
France,Corsica
French Guiana,Guyane
French Polynesia,Iles Tuamotu-Gambier
French Polynesia,Iles du Vent
French Polynesia,Leeward Islands
French Polynesia,Iles Marquises
French Polynesia,Iles Australes
French Southern Territories,Saint-Paul-et-Amsterdam
French Southern Territories,Crozet
French Southern Territories,Terre-Adelie
French Southern Territories,Iles Eparses
French Southern Territories,Kerguelen
Gabon,Estuaire
Gabon,Haut-Ogooue
Gabon,Moyen-Ogooue
Gabon,Ngouni
Gabon,Nyanga
Gabon,Ogooue-Ivindo
Gabon,Ogooue-Lolo
Gabon,Ogooue-Maritime
Gabon,Woleu-Ntem
Gambia,Banjul
Gambia,Lower River
Gambia,Central River
Gambia,Upper River
Gambia,Western
Gambia,North Bank
Georgia,Abkhazia
Georgia,Ajaria
Georgia,'T''bilisi'
Georgia,Guria
Georgia,Imereti
Georgia,Kakheti
Georgia,Kvemo Kartli
Georgia,Mtskheta-Mtianeti
Georgia,Racha-Lechkhumi and Kvemo Svaneti
Georgia,Samegrelo and Zemo Svaneti
Georgia,Samtskhe-Javakheti
Georgia,Shida Kartli
Germany,Baden-Wuerttemberg
Germany,Schleswig-Holstein
Germany,Brandenburg
Germany,Mecklenburg-Vorpommern
Germany,Saxony
Germany,Saxony-Anhalt
Germany,Thuringia
Germany,Berlin
Germany,Bavaria
Germany,Bremen
Germany,Hamburg
Germany,Hesse
Germany,Lower Saxony
Germany,North Rhine-Westphalia
Germany,Rheinland-Pfalz
Germany,Saarland
Ghana,Greater Accra
Ghana,Upper East
Ghana,Upper West
Ghana,Ashanti
Ghana,Brong-Ahafo
Ghana,Central
Ghana,Eastern
Ghana,Northern
Ghana,Volta
Ghana,Western
Greece,Mount Athos
Greece,East Macedonia and Thrace
Greece,Central Macedonia
Greece,West Macedonia
Greece,Thessaly
Greece,Epirus
Greece,Ionian Islands
Greece,West Greece
Greece,Central Greece
Greece,Peloponnese
Greece,Attica
Greece,North Aegean
Greece,South Aegean
Greece,Crete
Greenland,Kujalleq
Greenland,Qaasuitsup
Greenland,Qeqqata
Greenland,Sermersooq
Grenada,Saint Andrew
Grenada,Carriacou and Petite Martinique
Grenada,Saint David
Grenada,Saint George
Grenada,Saint John
Grenada,Saint Mark
Grenada,Saint Patrick
Guadeloupe,Guadeloupe
Guam,Agana Heights
Guam,Hagatna
Guam,Asan
Guam,Agat
Guam,Barrigada
Guam,Chalan Pago-Ordot
Guam,Dededo
Guam,Inarajan
Guam,Mangilao
Guam,Merizo
Guam,Mongmong-Toto-Maite
Guam,Piti
Guam,Sinajana
Guam,Santa Rita
Guam,Talofofo
Guam,Tamuning
Guam,Umatac
Guam,Yigo
Guam,Yona
Guatemala,Alta Verapaz
Guatemala,Jalapa
Guatemala,Jutiapa
Guatemala,Peten
Guatemala,Quetzaltenango
Guatemala,Quiche
Guatemala,Retalhuleu
Guatemala,Sacatepequez
Guatemala,San Marcos
Guatemala,Santa Rosa
Guatemala,Solola
Guatemala,Baja Verapaz
Guatemala,Suchitepeque
Guatemala,Totonicapan
Guatemala,Zacapa
Guatemala,Chimaltenango
Guatemala,Chiquimula
Guatemala,El Progreso
Guatemala,Escuintla
Guatemala,Guatemala
Guatemala,Huehuetenango
Guatemala,Izabal
Guinea,Conakry
Guinea,Boke
Guinea,Kindia
Guinea,Faranah
Guinea,Kankan
Guinea,Labe
Guinea,Mamou
Guinea,Nzerekore
Guinea-Bissau,Bafata
Guinea-Bissau,Gabu
Guinea-Bissau,Bissau
Guinea-Bissau,Biombo
Guinea-Bissau,Quinara
Guinea-Bissau,Oio
Guinea-Bissau,Bolama and Bijagos
Guinea-Bissau,Cacheu
Guinea-Bissau,Tombali
Guyana,Barima-Waini
Guyana,Cuyuni-Mazaruni
Guyana,Demerara-Mahaica
Guyana,East Berbice-Corentyne
Guyana,Essequibo Islands-West Demerara
Guyana,Mahaica-Berbice
Guyana,Pomeroon-Supenaam
Guyana,Potaro-Siparuni
Guyana,Upper Demerara-Berbice
Guyana,Upper Takutu-Upper Essequibo
Haiti,Nord-Est
Haiti,Ouest
Haiti,Sud
Haiti,Sud-Est
Haiti,Grandans
Haiti,Nippes
Haiti,Nord-Ouest
Haiti,Artibonite
Haiti,Centre
Haiti,Nord
Honduras,Atlantida
Honduras,Intibuca
Honduras,Bay Islands
Honduras,La Paz
Honduras,Lempira
Honduras,Ocotepeque
Honduras,Olancho
Honduras,Santa Barbara
Honduras,Valle
Honduras,Yoro
Honduras,Choluteca
Honduras,Colon
Honduras,Comayagua
Honduras,Copan
Honduras,Cortes
Honduras,El Paraiso
Honduras,Francisco Morazan
Honduras,Gracias a Dios
Hong Kong,Eastern
Hong Kong,Central and Western
Hong Kong,Southern
Hong Kong,Wanchai
Hong Kong,Kowloon City
Hong Kong,Kwun Tong
Hong Kong,Sham Shui Po
Hong Kong,Wong Tai Sin
Hong Kong,Yau Tsim Mong
Hong Kong,Islands
Hong Kong,Kwai Tsing
Hong Kong,North
Hong Kong,Sai Kung
Hong Kong,Sha Tin
Hong Kong,Tuen Mun
Hong Kong,Tai Po
Hong Kong,Tsuen Wan
Hong Kong,Yuen Long
Hungary,Bacs-Kiskun
Hungary,Hajdu-Bihar
Hungary,Heves
Hungary,Komarom-Esztergom
Hungary,Nograd
Hungary,Pest
Hungary,Somogy
Hungary,Szabolcs-Szatmar-Bereg
Hungary,Baranya
Hungary,Jasz-Nagykun-Szolnok
Hungary,Tolna
Hungary,Vas
Hungary,Veszprem
Hungary,Zala
Hungary,Bekes
Hungary,Borsod-Abauj-Zemplen
Hungary,Budapest
Hungary,Csongrad
Hungary,Fejer
Hungary,Gyor-Moson-Sopron
Iceland,East
Iceland,Capital Region
Iceland,Northeast
Iceland,Northwest
Iceland,South
Iceland,Southern Peninsula
Iceland,Westfjords
Iceland,West
India,Andaman and Nicobar
India,Haryana
India,Himachal Pradesh
India,Kashmir
India,Kerala
India,Laccadives
India,Maharashtra
India,Manipur
India,Meghalaya
India,Karnataka
India,Andhra Pradesh
India,Nagaland
India,Odisha
India,Pondicherry
India,Punjab
India,Rajasthan
India,Tamil Nadu
India,Tripura
India,West Bengal
India,Sikkim
India,Assam
India,Arunachal Pradesh
India,Mizoram
India,Daman and Diu
India,Goa
India,Bihar
India,Madhya Pradesh
India,Uttar Pradesh
India,Chhattisgarh
India,Jharkhand
India,Uttarakhand
India,Telangana
India,Chandigarh
India,Dadra and Nagar Haveli
India,NCT
India,Gujarat
Isle of Man,Andreas
Isle of Man,Arbory
Isle of Man,Ballaugh
Isle of Man,Braddan
Isle of Man,Bride
Isle of Man,Castletown
Isle of Man,Douglas
Isle of Man,German
Isle of Man,Jurby
Isle of Man,Laxey
Isle of Man,Lezayre
Isle of Man,Lonan
Isle of Man,Malew
Isle of Man,Marown
Isle of Man,Maughold
Isle of Man,Michael
Isle of Man,Onchan
Isle of Man,Patrick
Isle of Man,Peel
Isle of Man,Port Erin
Isle of Man,Port St Mary
Isle of Man,Ramsey
Isle of Man,Rushen
Isle of Man,Santon
Indonesia,Aceh
Indonesia,Yogyakarta
Indonesia,West Kalimantan
Indonesia,South Kalimantan
Indonesia,Central Kalimantan
Indonesia,East Kalimantan
Indonesia,Lampung
Indonesia,West Nusa Tenggara
Indonesia,East Nusa Tenggara
Indonesia,Bali
Indonesia,Central Sulawesi
Indonesia,Southeast Sulawesi
Indonesia,West Sumatra
Indonesia,North Sumatra
Indonesia,Maluku
Indonesia,North Maluku
Indonesia,Bengkulu
Indonesia,West Java
Indonesia,North Sulawesi
Indonesia,South Sumatra
Indonesia,Banten
Indonesia,Gorontalo
Indonesia,Bangka-Belitung Islands
Indonesia,Papua
Indonesia,Riau
Indonesia,South Sulawesi
Indonesia,West Papua
Indonesia,Jakarta
Indonesia,Riau Islands
Indonesia,West Sulawesi
Indonesia,North Kalimantan
Indonesia,Jambi
Indonesia,Central Java
Indonesia,East Java
Iran,Isfahan
Iran,Chaharmahal and Bakhtiari
Iran,East Azerbaijan
Iran,Golestan
Iran,Sistan and Baluchestan
Iran,Khorasan-e Jonubi
Iran,Razavi Khorasan
Iran,Alborz
Iran,Kohgiluyeh va Buyer Ahmad
Iran,Ardabil
Iran,Azarbayjan-e Gharbi
Iran,Azarbayjan-e Sharqi
Iran,Kermanshah
Iran,Ahmadi va Kohkiluyeh
Iran,Bushehr
Iran,Chaharmahal va Bakhtiari
Iran,Esfahan
Iran,Fars
Iran,Gilan
Iran,Gorgan
Iran,Hamadan
Iran,Hormozgan
Iran,Ilam
Iran,Kerman
Iran,Khorasan-e Junoubi
Iran,Khorasan-e Razavi
Iran,Khorasan-e Shomali
Iran,Khuzestan
Iran,Kordestan
Iran,Lorestan
Iran,Markazi
Iran,Mazandaran
Iran,Qazvin
Iran,Qom
Iran,Sistan va Baluchestan
Iran,Semnan
Iran,Tehran
Iran,Yazd
Iran,Zanjan
Iraq,Anbar
Iraq,Diyala
Iraq,Arbil
Iraq,Muhafazat
Iraq,Kirkuk
Iraq,Maysan
Iraq,Ninawa
Iraq,Wasit
Iraq,An Najaf
Iraq,Salah ad Din
Iraq,Basra
Iraq,Al Muthanna
Iraq,Al Qadisiyah
Iraq,As Sulaymaniyah
Iraq,Babil
Iraq,Baghdad
Iraq,Dahuk
Iraq,Dhi Qar
Ireland,Connaught
Ireland,Leinster
Ireland,Munster
Ireland,Ulster
Israel,Southern District
Israel,Central District
Israel,Northern District
Israel,Haifa
Israel,Tel Aviv
Israel,Jerusalem
Israel,Gaza Strip
Israel,Israel
Israel,West Bank
Italy,Abruzzo
Italy,The Marches
Italy,Molise
Italy,Piedmont
Italy,Apulia
Italy,Sardinia
Italy,Sicily
Italy,Tuscany
Italy,Trentino-Alto Adige
Italy,Umbria
Italy,Aosta Valley
Italy,Basilicate
Italy,Veneto
Italy,Calabria
Italy,Campania
Italy,Emilia-Romagna
Italy,Friuli Venezia Giulia
Italy,Latium
Italy,Liguria
Italy,Lombardy
Italy,Agrigento
Italy,Alessandria
Italy,Ancona
Italy,Aosta
Italy,Ascoli Piceno
Italy,'L''Aquila'
Italy,Arezzo
Italy,Asti
Italy,Avellino
Italy,Bari
Italy,Bergamo
Italy,Belluno
Italy,Benevento
Italy,Biella
Italy,Bologna
Italy,Bolzano
Italy,Brescia
Italy,Brindisi
Italy,Cagliari
Italy,Caltanissetta
Italy,Carbonia-Iglesias
Italy,Caserta
Italy,Catania
Italy,Campobasso
Italy,Chieti
Italy,Como
Italy,Cosenza
Italy,Cremona
Italy,Crotone
Italy,Catanzaro
Italy,Cuneo
Italy,Enna
Italy,Ferrara
Italy,Firenze
Italy,Forli-Cesena
Italy,Foggia
Italy,Frosinone
Italy,Genova
Italy,Gorizia
Italy,Grosseto
Italy,Imperia
Italy,Isernia
Italy,La Spezia
Italy,Latina
Italy,Lecco
Italy,Lecce
Italy,Livorno
Italy,Lodi
Italy,Lucca
Italy,Matera
Italy,Macerata
Italy,Mantova
Italy,Massa-Carrara
Italy,Medio Campidano
Italy,Messina
Italy,Milano
Italy,Modena
Italy,Napoli
Italy,Novara
Italy,Nuoro
Italy,Ogliastra
Italy,Olbia-Tempio
Italy,Oristano
Italy,Parma
Italy,Palermo
Italy,Pavia
Italy,Padova
Italy,Perugia
Italy,Pesaro e Urbino
Italy,Piacenza
Italy,Pisa
Italy,Pistoia
Italy,Pordenone
Italy,Prato
Italy,Pescara
Italy,Potenza
Italy,Ragusa
Italy,Ravenna
Italy,Reggio Emilia
Italy,Reggio Calabria
Italy,Rieti
Italy,Rimini
Italy,Roma
Italy,Rovigo
Italy,Salerno
Italy,Sassari
Italy,Savona
Italy,Siena
Italy,Siracusa
Italy,Sondrio
Italy,Taranto
Italy,Teramo
Italy,Torino
Italy,Trapani
Italy,Trento
Italy,Trieste
Italy,Terni
Italy,Treviso
Italy,Udine
Italy,Varese
Italy,Verbano Cusio Ossola
Italy,Venezia
Italy,Vercelli
Italy,Vicenza
Italy,Viterbo
Italy,Vibo Valenzia
Italy,Verona
Ivory Coast,Bas-Sassandra
Ivory Coast,Denguele
Ivory Coast,Montagnes
Ivory Coast,Lacs
Ivory Coast,Lagunes
Ivory Coast,Savanes
Ivory Coast,Vallee du Bandama
Ivory Coast,Zanzan
Ivory Coast,Abidjan
Ivory Coast,Comoe
Ivory Coast,Goh-Djiboua
Ivory Coast,Sassandra-Marahoue
Ivory Coast,Woroba
Ivory Coast,Yamoussoukro Autonomous District
Jersey,St Clement
Jersey,St Saviour
Jersey,St. Brelade
Jersey,Grouville
Jersey,St Mary
Jersey,St Lawrence
Jersey,St Peter
Jersey,St Ouen
Jersey,St John
Jersey,Trinity
Jersey,St Martin
Jersey,St Helier
Jamaica,Clarendon
Jamaica,Saint Catherine
Jamaica,St. Elizabeth
Jamaica,St. James
Jamaica,St. Mary
Jamaica,St. Thomas
Jamaica,Trelawny
Jamaica,Westmoreland
Jamaica,Kingston
Jamaica,Hanover
Jamaica,Manchester
Jamaica,Portland
Jamaica,St. Andrew
Jamaica,St Ann
Japan,Aichi
Japan,Gunma
Japan,Hiroshima
Japan,Hokkaido
Japan,Hyogo
Japan,Ibaraki
Japan,Ishikawa
Japan,Iwate
Japan,Kagawa
Japan,Kagoshima
Japan,Kanagawa
Japan,Akita
Japan,Kochi
Japan,Kumamoto
Japan,Kyoto
Japan,Mie
Japan,Miyagi
Japan,Miyazaki
Japan,Nagano
Japan,Nagasaki
Japan,Nara
Japan,Niigata
Japan,Aomori
Japan,Oita
Japan,Okayama
Japan,Osaka
Japan,Saga
Japan,Saitama
Japan,Shiga
Japan,Shimane
Japan,Shizuoka
Japan,Tochigi
Japan,Tokushima
Japan,Chiba
Japan,Tokyo
Japan,Tottori
Japan,Toyama
Japan,Wakayama
Japan,Yamagata
Japan,Yamaguchi
Japan,Yamanashi
Japan,Okinawa
Japan,Ehime
Japan,Fukui
Japan,Fukuoka
Japan,Fukushima
Japan,Gifu
Jordan,Tafielah
Jordan,Mafraq
Jordan,Amman
Jordan,Zarqa
Jordan,Irbid
Jordan,'Ma''an'
Jordan,Balqa
Jordan,Ajlun
Jordan,Aqaba
Jordan,Jerash
Jordan,Madaba
Jordan,Karak
Kazakhstan,Almaty Oblysy
Kazakhstan,Ongtustik Qazaqstan
Kazakhstan,Pavlodar
Kazakhstan,Qaraghandy
Kazakhstan,Qostanay
Kazakhstan,Qyzylorda
Kazakhstan,East Kazakhstan
Kazakhstan,Soltustik Qazaqstan
Kazakhstan,Zhambyl
Kazakhstan,Almaty Qalasy
Kazakhstan,Aqmola
Kazakhstan,Aqtoebe
Kazakhstan,Astana Qalasy
Kazakhstan,Atyrau
Kazakhstan,Batys Qazaqstan
Kazakhstan,Baikonur
Kazakhstan,Mangghystau
Kenya,Baringo
Kenya,Bomet
Kenya,Bungoma
Kenya,Busia
Kenya,Marakwet
Kenya,Embu
Kenya,Garissa
Kenya,Homa Bay
Kenya,Isiolo
Kenya,Kajiado
Kenya,Kakamega
Kenya,Kericho
Kenya,Kiambu
Kenya,Kilifi
Kenya,Kirinyaga
Kenya,Kisii
Kenya,Kisumu
Kenya,Kitui
Kenya,Kwale
Kenya,Laikipia
Kenya,Lamu
Kenya,Machakos
Kenya,Makueni
Kenya,Mandera
Kenya,Marsabit
Kenya,Meru
Kenya,Migori
Kenya,Mombasa
Kenya,'Murang''a'
Kenya,Nakuru
Kenya,Nandi
Kenya,Narok
Kenya,Nyamira
Kenya,Nyandarua
Kenya,Nyeri
Kenya,Samburu
Kenya,Siaya
Kenya,Taita Taveta
Kenya,Tana River
Kenya,Nithi Tharaka
Kenya,Nairobi Area
Kenya,Trans Nzoia
Kenya,Turkana
Kenya,Uasin Gishu
Kenya,Vihiga
Kenya,Wajir
Kenya,West Pokot
Kiribati,Phoenix Islands
Kiribati,Gilbert Islands
Kiribati,Line Islands
North Korea,Chagang-do
North Korea,'P''yongan-bukto'
North Korea,Pyongyang
North Korea,Yanggang-do
North Korea,'P''yongan-namdo'
North Korea,Hamgyong-bukto
North Korea,Rason
North Korea,Hamgyong-namdo
North Korea,Hwanghae-namdo
North Korea,Hwanghae-bukto
North Korea,Kangwon-do
South Korea,Jeju-do
South Korea,Busan
South Korea,Seoul
South Korea,Incheon
South Korea,Gyeonggi-do
South Korea,Gyeongsangbuk-do
South Korea,Daegu
South Korea,Jeollanam-do
South Korea,Chungcheongnam-do
South Korea,Gwangju
South Korea,Daejeon
South Korea,Gyeongsangnam-do
South Korea,Ulsan
South Korea,Sejong-si
South Korea,Jeollabuk-do
South Korea,Chungcheongbuk-do
South Korea,Gangwon-do
Kosovo,Ferizaj
Kosovo,Gjakova
Kosovo,Gjilan
Kosovo,Mitrovica
Kosovo,Pec
Kosovo,Pristina
Kosovo,Prizren
Kuwait,Al Asimah
Kuwait,Al Ahmadi
Kuwait,Muhafazat al
Kuwait,Al Farwaniyah
Kuwait,Hawalli
Kuwait,Mubarak al Kabir
Kyrgyzstan,Bishkek
Kyrgyzstan,Osh City
Kyrgyzstan,Chuy
Kyrgyzstan,Jalal-Abad
Kyrgyzstan,Naryn
Kyrgyzstan,Talas
Kyrgyzstan,Issyk-Kul
Kyrgyzstan,Osh
Kyrgyzstan,Batken
Lao,Attapu
Lao,Xiagnabouli
Lao,Xiangkhoang
Lao,Khammouan
Lao,Loungnamtha
Lao,Louangphabang
Lao,Phongsali
Lao,Salavan
Lao,Champasak
Lao,Savannahkhet
Lao,Bokeo
Lao,Bolikhamsai
Lao,Vientiane Prefecture
Lao,Xekong
Lao,Vientiane
Lao,Xaisomboun
Lao,Houaphan
Lao,Oudomxai
Latvia,Daugavpils
Latvia,Aizkraukles Rajons
Latvia,Jekabpils Municipality
Latvia,Jelgava
Latvia,Jelgavas Rajons
Latvia,Jurmala
Latvia,Kraslavas Rajons
Latvia,Kuldigas Rajons
Latvia,Liepaja
Latvia,Limbazu Rajons
Latvia,Ludzas Rajons
Latvia,Aluksnes Novads
Latvia,Madonas Rajons
Latvia,Ogre
Latvia,Preilu Rajons
Latvia,Rezekne
Latvia,Rezeknes Rajons
Latvia,Riga
Latvia,Saldus Rajons
Latvia,Talsu Rajons
Latvia,Tukuma Rajons
Latvia,Balvu Rajons
Latvia,Valkas Rajons
Latvia,Valmieras Rajons
Latvia,Ventspils
Latvia,Ventspils Rajons
Latvia,Adazi
Latvia,Aglona
Latvia,Aizpute
Latvia,Akniste
Latvia,Aloja
Latvia,Bauskas Rajons
Latvia,Alsunga
Latvia,Amatas
Latvia,Apes
Latvia,Auces
Latvia,Babite
Latvia,Baldone
Latvia,Baltinava
Latvia,Cesu Rajons
Latvia,Beverina
Latvia,Broceni
Latvia,Burtnieki
Latvia,Carnikava
Latvia,Cesvaine
Latvia,Cibla
Latvia,Dagda
Latvia,Dundaga
Latvia,Durbe
Latvia,Engure
Latvia,Ergli
Latvia,Garkalne
Latvia,Grobina
Latvia,Lecava
Latvia,Ikskile
Latvia,Ilukste
Latvia,Daugavpils municipality
Latvia,Incukalns
Latvia,Jaunjelgava
Latvia,Jaunpiebalga
Latvia,Jaunpils
Latvia,Jekabpils
Latvia,Kandava
Latvia,Karsava
Latvia,Kegums
Latvia,Dobeles Rajons
Latvia,Kekava
Latvia,Koceni
Latvia,Koknese
Latvia,Krimulda
Latvia,Krustpils
Latvia,Lielvarde
Latvia,Ligatne
Latvia,Gulbenes Rajons
Latvia,Livani
Latvia,Lubana
Latvia,Malpils
Latvia,Marupe
Latvia,Mazsalaca
Latvia,Naukseni
Latvia,Nereta
Latvia,Nica
Latvia,Olaine
Latvia,Ozolnieku
Latvia,Pargaujas
Latvia,Pavilostas
Latvia,Plavinu
Latvia,Priekule
Latvia,Priekuli
Latvia,Raunas
Latvia,Riebinu
Latvia,Rojas
Latvia,Ropazu
Latvia,Rucavas
Latvia,Rugaju
Latvia,Rujienas
Latvia,Rundales
Latvia,Salacgrivas
Latvia,Salas
Latvia,Salaspils
Latvia,Saulkrastu
Latvia,Seja
Latvia,Sigulda
Latvia,Skriveri
Latvia,Skrunda
Latvia,Smiltene
Latvia,Stopini
Latvia,Strenci
Latvia,Tervete
Latvia,Vainode
Latvia,Varaklani
Latvia,Varkava
Latvia,Vecpiebalga
Latvia,Vecumnieki
Latvia,Viesite
Latvia,Vilaka
Latvia,Vilanu
Latvia,Zilupes
Latvia,Mesraga
Lebanon,Aakkar
Lebanon,Baalbek-Hermel
Lebanon,Beyrouth
Lebanon,Mont-Liban
Lebanon,South Governorate
Lebanon,Nabatiye
Lebanon,Beqaa
Lebanon,Liban-Nord
Lesotho,Berea
Lesotho,Butha-Buthe
Lesotho,Leribe
Lesotho,Mafeteng
Lesotho,Maseru
Lesotho,'Mohale''s Hoek'
Lesotho,Mokhotlong
Lesotho,'Qacha''s Nek'
Lesotho,Quthing
Lesotho,Thaba-Tseka
Liberia,Bong
Liberia,Sinoe
Liberia,Grand Bassa
Liberia,Grand Cape Mount
Liberia,Maryland
Liberia,Montserrado
Liberia,Bomi
Liberia,Grand Kru
Liberia,Margibi
Liberia,River Cess
Liberia,Grand Gedeh
Liberia,Lofa
Liberia,Gbarpolu
Liberia,River Gee
Liberia,Nimba
Libyan Arab Jamahiriya,Al Jabal al Akhdar
Libyan Arab Jamahiriya,Al Jufrah
Libyan Arab Jamahiriya,Al Kufrah
Libyan Arab Jamahiriya,Al Marj
Libyan Arab Jamahiriya,An Nuqat al Khams
Libyan Arab Jamahiriya,Az Zawiyah
Libyan Arab Jamahiriya,Banghazi
Libyan Arab Jamahiriya,Darnah
Libyan Arab Jamahiriya,Sha`biyat Ghat
Libyan Arab Jamahiriya,Misratah
Libyan Arab Jamahiriya,Murzuq
Libyan Arab Jamahiriya,Sha`biyat Nalut
Libyan Arab Jamahiriya,Sabha
Libyan Arab Jamahiriya,Surt
Libyan Arab Jamahiriya,Tripoli
Libyan Arab Jamahiriya,'Wadi ash Shati'''
Libyan Arab Jamahiriya,Sha`biyat al Butnan
Libyan Arab Jamahiriya,Jabal al Gharbi
Libyan Arab Jamahiriya,Sha`biyat al Jafarah
Libyan Arab Jamahiriya,Al Marqab
Libyan Arab Jamahiriya,Sha`biyat al Wahat
Libyan Arab Jamahiriya,Sha`biyat Wadi al Hayat
Liechtenstein,Balzers
Liechtenstein,Triesenberg
Liechtenstein,Vaduz
Liechtenstein,Eschen
Liechtenstein,Gamprin
Liechtenstein,Mauren
Liechtenstein,Planken
Liechtenstein,Ruggell
Liechtenstein,Schaan
Liechtenstein,Schellenberg
Liechtenstein,Triesen
Lithuania,Alytus
Lithuania,Kaunas
Lithuania,Klaipeda County
Lithuania,Marijampole County
Lithuania,Panevezys
Lithuania,Siauliai
Lithuania,Taurage County
Lithuania,Telsiai
Lithuania,Utena
Lithuania,Vilnius
Luxembourg,Diekirch
Luxembourg,Grevenmacher
Luxembourg,Luxembourg
Macedonia,Vranestica
Macedonia,Aracinovo
Macedonia,Bosilovo
Macedonia,Brvenica
Macedonia,Centar Zupa
Macedonia,Cesinovo-Oblesevo
Macedonia,Cucer-Sandevo
Macedonia,Delcevo
Macedonia,Demir Kapija
Macedonia,Dolneni
Macedonia,Opstina Gjorce Petrov
Macedonia,Drugovo
Macedonia,Gazi Baba
Macedonia,Gevgelija
Macedonia,Gradsko
Macedonia,Ilinden
Macedonia,Berovo
Macedonia,Karbinci
Macedonia,Karpos
Macedonia,Kicevo
Macedonia,Kisela Voda
Macedonia,Kocani
Macedonia,Konce
Macedonia,Kratovo
Macedonia,Kriva Palanka
Macedonia,Krivogastani
Macedonia,Krusevo
Macedonia,Opstina Lipkovo
Macedonia,Bitola
Macedonia,Lozovo
Macedonia,Makedonska Kamenica
Macedonia,Negotino
Macedonia,Novo Selo
Macedonia,Oslomej
Macedonia,Pehcevo
Macedonia,Petrovec
Macedonia,Bogdanci
Macedonia,Plasnica
Macedonia,Probistip
Macedonia,Radovis
Macedonia,Opstina Rankovce
Macedonia,Resen
Macedonia,Rosoman
Macedonia,Saraj
Macedonia,Sopiste
Macedonia,Staro Nagoricane
Macedonia,Stip
Macedonia,Studenicani
Macedonia,Suto Orizari
Macedonia,Sveti Nikole
Macedonia,Tearce
Macedonia,Vasilevo
Macedonia,Vevcani
Macedonia,Vinica
Macedonia,Vrapciste
Macedonia,Zajas
Macedonia,Zelenikovo
Macedonia,Zelino
Macedonia,Zrnovci
Macedonia,Bogovinje
Macedonia,Cair
Macedonia,Caska Municipality
Macedonia,Centar
Macedonia,Debar
Macedonia,Demir Hisar
Macedonia,Gostivar
Macedonia,Jegunovce
Macedonia,Kavadarci
Macedonia,Kumanovo
Macedonia,Makedonski Brod
Macedonia,Mogila
Macedonia,Novaci
Macedonia,Ohrid
Macedonia,Prilep
Macedonia,Mavrovo and Rostusa
Macedonia,Dojran
Macedonia,Struga
Macedonia,Strumica
Macedonia,Tetovo
Macedonia,Valandovo
Macedonia,Veles
Macedonia,Aerodrom
Macedonia,Butel
Macedonia,Debarca
Madagascar,Diana
Madagascar,Sava
Madagascar,Sofia
Madagascar,Analanjirofo
Madagascar,Boeny
Madagascar,Betsiboka
Madagascar,Alaotra Mangoro
Madagascar,Melaky
Madagascar,Bongolava
Madagascar,Vakinankaratra
Madagascar,Itasy
Madagascar,Analamanga
Madagascar,Atsinanana
Madagascar,Menabe
Madagascar,'Amoron''i Mania'
Madagascar,Upper Matsiatra
Madagascar,Vatovavy Fitovinany
Madagascar,Ihorombe
Madagascar,Atsimo-Atsinanana
Madagascar,Anosy
Madagascar,Androy
Madagascar,Atsimo-Andrefana
Malawi,Central Region
Malawi,Northern Region
Malawi,Southern Region
Malaysia,Johor
Malaysia,Sarawak
Malaysia,Selangor
Malaysia,Terengganu
Malaysia,Kuala Lumpur
Malaysia,Labuan
Malaysia,Sabah
Malaysia,Putrajaya
Malaysia,Kedah
Malaysia,Kelantan
Malaysia,Melaka
Malaysia,Negeri Sembilan
Malaysia,Pahang
Malaysia,Perak
Malaysia,Perlis
Malaysia,Penang
Maldives,Seenu
Maldives,Southern Ari Atoll
Maldives,Northern Ari Atoll
Maldives,Baa Atholhu
Maldives,Dhaalu Atholhu
Maldives,Faafu Atholhu
Maldives,Gaafu Alifu Atholhu
Maldives,Gaafu Dhaalu Atholhu
Maldives,Haa Alifu Atholhu
Maldives,Haa Dhaalu Atholhu
Maldives,Kaafu Atoll
Maldives,Lhaviyani Atholhu
Maldives,Meemu Atholhu
Maldives,Gnyaviyani Atoll
Maldives,Noonu Atoll
Maldives,Raa Atoll
Maldives,Shaviyani Atholhu
Maldives,Thaa Atholhu
Maldives,Vaavu Atholhu
Maldives,Laamu
Mali,Bamako
Mali,Kidal
Mali,Kayes
Mali,Mopti
Mali,Segou
Mali,Sikasso
Mali,Koulikoro
Mali,Tombouctou
Mali,Gao
Malta,Attard
Malta,Il-Fontana
Malta,Ghajnsielem
Malta,L-Gharb
Malta,Hal Gharghur
Malta,L-Ghasri
Malta,Hal Ghaxaq
Malta,Il-Gudja
Malta,Il-Gzira
Malta,Il-Hamrun
Malta,L-Iklin
Malta,Balzan
Malta,L-Imdina
Malta,L-Imgarr
Malta,L-Imqabba
Malta,L-Imsida
Malta,L-Imtarfa
Malta,L-Isla
Malta,Il-Kalkara
Malta,'Ta'' Kercem'
Malta,Kirkop
Malta,Lija
Malta,Il-Birgu
Malta,Luqa
Malta,Il-Marsa
Malta,Marsaskala
Malta,Marsaxlokk
Malta,Il-Mellieha
Malta,Il-Mosta
Malta,Il-Munxar
Malta,In-Nadur
Malta,In-Naxxar
Malta,Paola
Malta,Birkirkara
Malta,Pembroke
Malta,Tal-Pieta
Malta,Il-Qala
Malta,Qormi
Malta,Il-Qrendi
Malta,Ir-Rabat
Malta,Victoria
Malta,Safi
Malta,Saint John
Malta,Saint Julian
Malta,Birzebbuga
Malta,Saint Lawrence
Malta,Saint Lucia
Malta,'Saint Paul''s Bay'
Malta,Saint Venera
Malta,Sannat
Malta,Is-Siggiewi
Malta,Tas-Sliema
Malta,Is-Swieqi
Malta,Tarxien
Malta,'Ta'' Xbiex'
Malta,Bormla
Malta,Il-Belt Valletta
Malta,Ix-Xaghra
Malta,Ix-Xewkija
Malta,Ix-Xghajra
Malta,Haz-Zabbar
Malta,Haz-Zebbug
Malta,Iz-Zebbug
Malta,Iz-Zejtun
Malta,Iz-Zurrieq
Malta,Dingli
Malta,Il-Fgura
Malta,Il-Furjana
Marshall Islands,Ailinginae Atoll
Marshall Islands,Bikar Atoll
Marshall Islands,Bikini Atoll
Marshall Islands,Bokak Atoll
Marshall Islands,Ailinglaplap Atoll
Marshall Islands,Erikub Atoll
Marshall Islands,Jabat Island
Marshall Islands,Jaluit Atoll
Marshall Islands,Jemo Island
Marshall Islands,Kili Island
Marshall Islands,Kwajalein Atoll
Marshall Islands,Lae Atoll
Marshall Islands,Lib Island
Marshall Islands,Likiep Atoll
Marshall Islands,Majuro Atoll
Marshall Islands,Ailuk Atoll
Marshall Islands,Maloelap Atoll
Marshall Islands,Mejit Island
Marshall Islands,Mili Atoll
Marshall Islands,Namdrik Atoll
Marshall Islands,Namu Atoll
Marshall Islands,Rongelap Atoll
Marshall Islands,Rongrik Atoll
Marshall Islands,Taka Atoll
Marshall Islands,Ujae Atoll
Marshall Islands,Arno Atoll
Marshall Islands,Ujelang
Marshall Islands,Utrik Atoll
Marshall Islands,Wotho Atoll
Marshall Islands,Wotje Atoll
Marshall Islands,Aur Atoll
Marshall Islands,Ebon Atoll
Marshall Islands,Enewetak Atoll
Martinique,Martinique
Mauritania,Hodh ech Chargui
Mauritania,Guidimaka
Mauritania,Tiris Zemmour
Mauritania,Inchiri
Mauritania,Hodh El Gharbi
Mauritania,Assaba
Mauritania,Gorgol
Mauritania,Brakna
Mauritania,Trarza
Mauritania,Adrar
Mauritania,Dakhlet Nouadhibou
Mauritania,Tagant
Mauritania,Nouakchott
Mauritius,Black River
Mauritius,Flacq
Mauritius,Grand Port
Mauritius,Moka
Mauritius,Pamplemousses
Mauritius,Plaines Wilhems
Mauritius,Port Louis
Mauritius,Riviere du Rempart
Mauritius,Savanne
Mauritius,Agalega Islands
Mauritius,Cargados Carajos
Mauritius,Rodrigues
Mexico,Mexico
Mexico,Michoacan
Mexico,Nuevo Leon
Mexico,Baja California
Mexico,Queretaro
Mexico,San Luis Potosi
Mexico,Yucatan
Mexico,Mexico City
Mexico,Aguascalientes
Mexico,Baja California Norte
Mexico,Baja California Sur
Mexico,Campeche
Mexico,Chihuahua
Mexico,Chiapas
Mexico,Coahuila
Mexico,Colima
Mexico,Distrito Federal
Mexico,Durango
Mexico,Mexico (Estado de)
Mexico,Guerrero
Mexico,Guanajuato
Mexico,Hidalgo
Mexico,Jalisco
Mexico,Michoacan
Mexico,Morelos
Mexico,Nayarit
Mexico,Nuevo Leon
Mexico,Oaxaca
Mexico,Puebla
Mexico,Queretaro
Mexico,Quintana Roo
Mexico,Sinaloa
Mexico,San Luis Potosi
Mexico,Sonora
Mexico,Tabasco
Mexico,Tamaulipas
Mexico,Tlaxcala
Mexico,Veracruz
Mexico,Yucatan
Mexico,Zacatecas
"Micronesia, Federated States of",Kosrae
"Micronesia, Federated States of",Pohnpei
"Micronesia, Federated States of",Chuuk
"Micronesia, Federated States of",Yap
"Moldova, Republic of",Gagauzia
"Moldova, Republic of",Chisinau Municipality
"Moldova, Republic of",Stinga Nistrului
"Moldova, Republic of",Anenii Noi
"Moldova, Republic of",Balti
"Moldova, Republic of",Basarabeasca
"Moldova, Republic of",Bender Municipality
"Moldova, Republic of",Briceni
"Moldova, Republic of",Cahul
"Moldova, Republic of",Cantemir
"Moldova, Republic of",Calarasi
"Moldova, Republic of",Causeni
"Moldova, Republic of",Cimislia
"Moldova, Republic of",Criuleni
"Moldova, Republic of",Donduseni
"Moldova, Republic of",Drochia
"Moldova, Republic of",Dubasari
"Moldova, Republic of",Raionul Edinet
"Moldova, Republic of",Falesti
"Moldova, Republic of",Floresti
"Moldova, Republic of",Glodeni
"Moldova, Republic of",Hincesti
"Moldova, Republic of",Laloveni
"Moldova, Republic of",Leova
"Moldova, Republic of",Nisporeni
"Moldova, Republic of",Raionul Ocnita
"Moldova, Republic of",Orhei
"Moldova, Republic of",Rezina
"Moldova, Republic of",Riscani
"Moldova, Republic of",Singerei
"Moldova, Republic of",Soldanesti
"Moldova, Republic of",Raionul Soroca
"Moldova, Republic of",Stefan-Voda
"Moldova, Republic of",Straseni
"Moldova, Republic of",Taraclia
"Moldova, Republic of",Telenesti
"Moldova, Republic of",Ungheni
Monaco,de
Mongolia,Arhangay
Mongolia,Govi-Altay
Mongolia,Hentiy
Mongolia,Hovd
Mongolia,Hovsgol
Mongolia,OEmnoegovi
Mongolia,OEvoerhangay
Mongolia,Selenge
Mongolia,Suhbaatar
Mongolia,Central Aimak
Mongolia,Uvs
Mongolia,Bayanhongor
Mongolia,Ulaanbaatar
Mongolia,Bulgan
Mongolia,Darhan Uul
Mongolia,Govi-Sumber
Mongolia,Orhon
Mongolia,Bayan-Olgiy
Mongolia,East Aimak
Mongolia,East Gobi Aymag
Mongolia,Middle Govi
Mongolia,Dzabkhan
Montenegro,Andrijevica
Montenegro,Kotor
Montenegro,Mojkovac
Montenegro,Opstina Niksic
Montenegro,Opstina Plav
Montenegro,Pljevlja
Montenegro,Opstina Pluzine
Montenegro,Podgorica
Montenegro,Opstina Rozaje
Montenegro,Opstina Savnik
Montenegro,Tivat
Montenegro,Bar
Montenegro,Ulcinj
Montenegro,Opstina Zabljak
Montenegro,Berane
Montenegro,Bijelo Polje
Montenegro,Budva
Montenegro,Cetinje
Montenegro,Danilovgrad
Montenegro,Herceg Novi
Montenegro,Opstina Kolasin
Montserrat,Saint Georges
Montserrat,Saint Anthony
Montserrat,Saint Peter
Morocco,Tanger-Tetouan-Al Hoceima
Morocco,Guelmim-Oued Noun
Morocco,Laayoune-Sakia El Hamra
Morocco,Dakhla-Oued Ed-Dahab
Morocco,Oriental
Morocco,Fes-Meknes
Morocco,Rabat-Sale-Kenitra
Morocco,Beni Mellal-Khenifra
Morocco,Casablanca-Settat
Morocco,Marrakesh-Safi
Morocco,Draa-Tafilalet
Morocco,Souss-Massa
Mozambique,Cabo Delgado
Mozambique,Manica
Mozambique,Maputo City
Mozambique,Gaza
Mozambique,Inhambane
Mozambique,Maputo
Mozambique,Sofala
Mozambique,Nampula
Mozambique,Niassa
Mozambique,Tete
Mozambique,Zambezia
Myanmar,Rakhine
Myanmar,Sagain
Myanmar,Shan
Myanmar,Tanintharyi
Myanmar,Mon
Myanmar,Magway
Myanmar,Bago
Myanmar,Yangon
Myanmar,Nay Pyi Taw
Myanmar,Chin
Myanmar,Ayeyarwady
Myanmar,Kachin
Myanmar,Kayin
Myanmar,Kayah
Myanmar,Mandalay
Namibia,Khomas
Namibia,Zambezi
Namibia,Erongo
Namibia,Hardap
Namibia,Karas
Namibia,Kunene
Namibia,Ohangwena
Namibia,Omaheke
Namibia,Omusati
Namibia,Oshana
Namibia,Oshikoto
Namibia,Otjozondjupa
Namibia,Kavango East
Namibia,Kavango West
Nauru,Anetan
Nauru,Boe
Nauru,Buada
Nauru,Denigomodu
Nauru,Ewa
Nauru,Aiwo
Nauru,Ijuw
Nauru,Meneng
Nauru,Nibok
Nauru,Uaboe
Nauru,Yaren
Nauru,Anabar
Nauru,Anibare
Nauru,Baiti
Nepal,Central Region
Nepal,Eastern Region
Nepal,Far Western
Nepal,Mid Western
Nepal,Western Region
Netherlands,Drenthe
Netherlands,Zeeland
Netherlands,South Holland
Netherlands,Overijssel
Netherlands,Flevoland
Netherlands,Friesland
Netherlands,Gelderland
Netherlands,Groningen
Netherlands,Limburg
Netherlands,North Brabant
Netherlands,North Holland
Netherlands,Utrecht
Netherlands Antilles,Bonaire
Netherlands Antilles,Curacao
Netherlands Antilles,St. Maarten
New Caledonia,North Province
New Caledonia,South Province
New Caledonia,Loyalty Islands
New Zealand,Chatham Islands
New Zealand,Auckland
New Zealand,Bay of Plenty
New Zealand,Canterbury
New Zealand,Gisborne
New Zealand,'Hawke''s Bay'
New Zealand,Manawatu-Wanganui
New Zealand,Marlborough
New Zealand,Nelson
New Zealand,Northland
New Zealand,Otago
New Zealand,Southland
New Zealand,Taranaki
New Zealand,Waikato
New Zealand,Wellington
New Zealand,West Coast
New Zealand,Tasman
Nicaragua,Boaco
Nicaragua,Managua
Nicaragua,Masaya
Nicaragua,Matagalpa
Nicaragua,Nueva Segovia
Nicaragua,Rio San Juan
Nicaragua,Rivas
Nicaragua,Atlantico Norte (RAAN)
Nicaragua,Atlantico Sur
Nicaragua,Carazo
Nicaragua,Chinandega
Nicaragua,Chontales
Nicaragua,Esteli
Nicaragua,Granada
Nicaragua,Jinotega
Nicaragua,Leon
Nicaragua,Madriz
Niger,Agadez
Niger,Diffa
Niger,Dosso
Niger,Maradi
Niger,Tahoua
Niger,Zinder
Niger,Niamey
Niger,Tillaberi
Nigeria,FCT
Nigeria,Ogun
Nigeria,Akwa Ibom
Nigeria,Cross River
Nigeria,Kaduna
Nigeria,Katsina
Nigeria,Anambra
Nigeria,Benue
Nigeria,Borno
Nigeria,Imo
Nigeria,Kano
Nigeria,Kwara
Nigeria,Niger
Nigeria,Oyo
Nigeria,Adamawa
Nigeria,Delta
Nigeria,Edo
Nigeria,Jigawa
Nigeria,Kebbi
Nigeria,Kogi
Nigeria,Osun
Nigeria,Taraba
Nigeria,Yobe
Nigeria,Abia
Nigeria,Bauchi
Nigeria,Enugu
Nigeria,Ondo
Nigeria,Plateau
Nigeria,Lagos
Nigeria,Rivers
Nigeria,Sokoto
Nigeria,Bayelsa
Nigeria,Ebonyi
Nigeria,Ekiti
Nigeria,Gombe
Nigeria,Nassarawa
Nigeria,Zamfara
Northern Mariana Islands,Northern Islands
Northern Mariana Islands,Rota
Northern Mariana Islands,Saipan
Northern Mariana Islands,Tinian
Norway,Akershus
Norway,Nord-Trondelag
Norway,Oppland
Norway,Oslo
Norway,Ostfold
Norway,Rogaland
Norway,Sogn og Fjordane
Norway,Sor-Trondelag
Norway,Telemark
Norway,Troms
Norway,Vest-Agder
Norway,Aust-Agder
Norway,Vestfold
Norway,Buskerud
Norway,Finnmark
Norway,Hedmark
Norway,Hordaland
Norway,More og Romsdal
Norway,Nordland
Oman,Ad Dakhiliyah
Oman,Al Buraimi
Oman,Al Batinah North
Oman,Northeastern Governorate
Oman,Al Batinah South
Oman,Al Wusta
Oman,Southeastern Governorate
Oman,Muscat
Oman,Musandam
Oman,Dhofar
Oman,Az Zahirah
Pakistan,FATA
Pakistan,Balochistan
Pakistan,Khyber Pakhtunkhwa
Pakistan,Punjab
Pakistan,Sindh
Pakistan,Azad Kashmir
Pakistan,Gilgit-Baltistan
Pakistan,Islamabad
Palau,Aimeliik
Palau,Ngardmau
Palau,Ngatpang
Palau,Ngchesar
Palau,Ngaremlengui
Palau,Ngiwal
Palau,Peleliu
Palau,Sonsorol
Palau,Airai
Palau,Angaur
Palau,Hatohobei
Palau,Kayangel
Palau,Koror
Palau,Melekeok
Palau,Ngaraard
Palau,Ngarchelong
Palestine,Gaza Strip
Palestine,West Bank
Panama,Bocas del Toro
Panama,Veraguas
Panama,Embera
Panama,Ngoebe-Bugle
Panama,Panama Oeste
Panama,Chiriqui
Panama,Cocle
Panama,Colon
Panama,Darien
Panama,Herrera
Panama,Los Santos
Panama,Panama
Panama,Guna Yala
Papua New Guinea,Central Province
Papua New Guinea,East New Britain
Papua New Guinea,East Sepik
Papua New Guinea,Madang
Papua New Guinea,Manus
Papua New Guinea,Morobe
Papua New Guinea,New Ireland
Papua New Guinea,Western Highlands
Papua New Guinea,West New Britain
Papua New Guinea,Sandaun
Papua New Guinea,Enga
Papua New Guinea,Gulf
Papua New Guinea,National Capital
Papua New Guinea,Hela
Papua New Guinea,Jiwaka
Papua New Guinea,Milne Bay
Papua New Guinea,Northern Province
Papua New Guinea,Southern Highlands
Papua New Guinea,Western Province
Papua New Guinea,Bougainville
Papua New Guinea,Chimbu
Papua New Guinea,Eastern Highlands
Paraguay,Alto Parana
Paraguay,Guaira
Paraguay,Itapua
Paraguay,Misiones
Paraguay,Neembucu
Paraguay,Paraguari
Paraguay,Presidente Hayes
Paraguay,San Pedro
Paraguay,Canindeyu
Paraguay,Amambay
Paraguay,Asuncion
Paraguay,Alto Paraguay
Paraguay,Boqueron
Paraguay,Caaguazu
Paraguay,Caazapa
Paraguay,Central
Paraguay,Concepcion
Paraguay,Cordillera
Peru,Amazonas
Peru,Huanuco
Peru,Ica
Peru,Junin
Peru,La Libertad
Peru,Lambayeque
Peru,Lima region
Peru,Loreto
Peru,Madre de Dios
Peru,Moquegua
Peru,Pasco
Peru,Ancash
Peru,Piura
Peru,Puno
Peru,San Martin
Peru,Tacna
Peru,Tumbes
Peru,Ucayali
Peru,Apurimac
Peru,Arequipa
Peru,Ayacucho
Peru,Cajamarca
Peru,Callao
Peru,Cusco
Peru,Huancavelica
Peru,Lima
Philippines,Ilocos
Philippines,Northern Mindanao
Philippines,Davao
Philippines,Soccsksargen
Philippines,Caraga
Philippines,ARMM
Philippines,Cordillera
Philippines,Cagayan Valley
Philippines,Central Luzon
Philippines,Calabarzon
Philippines,Mimaropa
Philippines,Bicol
Philippines,Western Visayas
Philippines,Central Visayas
Philippines,Eastern Visayas
Philippines,Zamboanga Peninsula
Philippines,Metro Manila
Philippines,Negros Island Region
Poland,Lower Silesia
Poland,Kujawsko-Pomorskie
Poland,Lodz Voivodeship
Poland,Lublin
Poland,Lubusz
Poland,Lesser Poland Voivodeship
Poland,Mazovia
Poland,Opole Voivodeship
Poland,Subcarpathian Voivodeship
Poland,Podlasie
Poland,Pomerania
Poland,Silesia
Poland,Swietokrzyskie
Poland,Warmia-Masuria
Poland,Greater Poland
Poland,West Pomerania
Portugal,Madeira
Portugal,Guarda
Portugal,Leiria
Portugal,Lisbon
Portugal,Portalegre
Portugal,Porto
Portugal,Santarem
Portugal,Setubal
Portugal,Aveiro
Portugal,Viana do Castelo
Portugal,Vila Real
Portugal,Viseu
Portugal,Azores
Portugal,Beja
Portugal,Braga
Portugal,Braganca
Portugal,Castelo Branco
Portugal,Coimbra
Portugal,Evora
Portugal,Faro
Puerto Rico,Adjuntas
Puerto Rico,Morovis
Puerto Rico,Naguabo
Puerto Rico,Naranjito
Puerto Rico,Orocovis
Puerto Rico,Patillas
Puerto Rico,Anasco
Puerto Rico,Penuelas
Puerto Rico,Ponce
Puerto Rico,Quebradillas
Puerto Rico,Rincon
Puerto Rico,Rio Grande
Puerto Rico,Sabana Grande
Puerto Rico,Salinas
Puerto Rico,San German
Puerto Rico,San Juan
Puerto Rico,San Lorenzo
Puerto Rico,Arecibo
Puerto Rico,San Sebastian
Puerto Rico,Santa Isabel Municipio
Puerto Rico,Toa Alta
Puerto Rico,Toa Baja
Puerto Rico,Trujillo Alto
Puerto Rico,Utuado
Puerto Rico,Vega Alta
Puerto Rico,Vega Baja
Puerto Rico,Vieques
Puerto Rico,Villalba
Puerto Rico,Arroyo
Puerto Rico,Yabucoa
Puerto Rico,Yauco
Puerto Rico,Barceloneta
Puerto Rico,Barranquitas
Puerto Rico,Bayamon
Puerto Rico,Cabo Rojo
Puerto Rico,Caguas
Puerto Rico,Camuy
Puerto Rico,Canovanas
Puerto Rico,Aguada
Puerto Rico,Carolina
Puerto Rico,Catano
Puerto Rico,Cayey
Puerto Rico,Ceiba
Puerto Rico,Ciales
Puerto Rico,Cidra
Puerto Rico,Coamo
Puerto Rico,Comerio
Puerto Rico,Corozal
Puerto Rico,Culebra
Puerto Rico,Aguadilla
Puerto Rico,Dorado
Puerto Rico,Fajardo
Puerto Rico,Florida
Puerto Rico,Guanica
Puerto Rico,Guayama
Puerto Rico,Guayanilla
Puerto Rico,Guaynabo
Puerto Rico,Gurabo
Puerto Rico,Hatillo
Puerto Rico,Hormigueros
Puerto Rico,Humacao
Puerto Rico,Aguas Buenas
Puerto Rico,Isabela
Puerto Rico,Municipio de Jayuya
Puerto Rico,Juana Diaz
Puerto Rico,Municipio de Juncos
Puerto Rico,Lajas
Puerto Rico,Lares
Puerto Rico,Las Marias
Puerto Rico,Las Piedras
Puerto Rico,Loiza
Puerto Rico,Luquillo
Puerto Rico,Aibonito
Puerto Rico,Manati
Puerto Rico,Maricao
Puerto Rico,Maunabo
Puerto Rico,Mayaguez
Puerto Rico,Moca
Qatar,Baladiyat ad Dawhah
Qatar,Al Wakrah
Qatar,Baladiyat az Za`ayin
Qatar,Al Khawr
Qatar,Baladiyat ar Rayyan
Qatar,Madinat ash Shamal
Qatar,Baladiyat Umm Salal
Reunion,Reunion
Romania,Caras-Severin
Romania,Harghita
Romania,Alba
Romania,Arad
Romania,Arges
Romania,Bacau
Romania,Bihor
Romania,Bistrita-Nasaud
Romania,Botosani
Romania,Brasov
Romania,Braila
Romania,Bucuresti
Romania,Buzau
Romania,Calarasi
Romania,Cluj
Romania,Covasna
Romania,Caras Severin
Romania,Constanta
Romania,Dambovita
Romania,Dolj
Romania,Galati
Romania,Giurgiu
Romania,Gorj
Romania,Hargita
Romania,Hunedoara
Romania,Ialomita
Romania,Iasi
Romania,Ilfov
Romania,Maramures
Romania,Mehedinti
Romania,Mures
Romania,Neamt
Romania,Olt
Romania,Prahova
Romania,Salaj
Romania,Satu Mare
Romania,Sibiu
Romania,Suceava
Romania,Teleorman
Romania,Timis
Romania,Tulcea
Romania,Valcea
Romania,Vaslui
Romania,Vrancea
Russian Federation,Adygeya
Russian Federation,Brjansk
Russian Federation,Respublika Buryatiya
Russian Federation,Chechnya
Russian Federation,Chelyabinsk
Russian Federation,Chukotka
Russian Federation,Chuvashia
Russian Federation,Dagestan
Russian Federation,Ingushetiya
Russian Federation,Irkutsk
Russian Federation,Ivanovo
Russian Federation,Kabardino-Balkariya
Russian Federation,Kaliningrad
Russian Federation,Kalmykiya
Russian Federation,Kaluga
Russian Federation,Karachayevo-Cherkesiya
Russian Federation,Karelia
Russian Federation,Kemerovo
Russian Federation,Altai
Russian Federation,Khabarovsk
Russian Federation,Khakasiya
Russian Federation,Khanty-Mansia
Russian Federation,Kirov
Russian Federation,Komi
Russian Federation,Kostroma
Russian Federation,Krasnodarskiy
Russian Federation,Altai Krai
Russian Federation,Kurgan
Russian Federation,Kursk
Russian Federation,'Leningradskaya Oblast'''
Russian Federation,Lipetsk
Russian Federation,Magadan
Russian Federation,Mariy-El
Russian Federation,Mordoviya
Russian Federation,Moscow Oblast
Russian Federation,Moscow
Russian Federation,Murmansk
Russian Federation,Amur
Russian Federation,Nenets
Russian Federation,Nizjnij Novgorod
Russian Federation,Novgorod
Russian Federation,Novosibirsk
Russian Federation,Omsk
Russian Federation,Orenburg
Russian Federation,Orjol
Russian Federation,Penza
Russian Federation,Primorskiy
Russian Federation,Arkhangelskaya
Russian Federation,Pskov
Russian Federation,Rostov
Russian Federation,Rjazan
Russian Federation,Chukot
Russian Federation,Sakhalin
Russian Federation,Samara
Russian Federation,St.-Petersburg
Russian Federation,Saratov
Russian Federation,North Ossetia
Russian Federation,Smolensk
Russian Federation,Astrakhan
Russian Federation,'Stavropol''skiy'
Russian Federation,Sverdlovsk
Russian Federation,Tambov
Russian Federation,Tatarstan
Russian Federation,Tomsk
Russian Federation,Tula
Russian Federation,Tverskaya
Russian Federation,Tyumenskaya
Russian Federation,Republic of Tyva
Russian Federation,Bashkortostan
Russian Federation,Udmurtiya
Russian Federation,Ulyanovsk
Russian Federation,Vladimir
Russian Federation,Volgograd
Russian Federation,Vologda
Russian Federation,Voronezj
Russian Federation,Yamalo-Nenets
Russian Federation,Jaroslavl
Russian Federation,Jewish Autonomous Oblast
Russian Federation,Belgorod
Russian Federation,Perm
Russian Federation,Krasnoyarskiy
Russian Federation,Kamtsjatka
Russian Federation,Transbaikal Territory
Rwanda,Eastern Province
Rwanda,Kigali
Rwanda,Northern Province
Rwanda,Western Province
Rwanda,Southern Province
Saint Kitts and Nevis,Christ Church Nichola Town
Saint Kitts and Nevis,Saint Paul Charlestown
Saint Kitts and Nevis,Saint Peter Basseterre
Saint Kitts and Nevis,Saint Thomas Lowland
Saint Kitts and Nevis,Middle Island
Saint Kitts and Nevis,Trinity Palmetto Point
Saint Kitts and Nevis,Saint Anne Sandy Point
Saint Kitts and Nevis,Saint George Basseterre
Saint Kitts and Nevis,Saint George Gingerland
Saint Kitts and Nevis,Saint James Windwa
Saint Kitts and Nevis,Saint John Capesterre
Saint Kitts and Nevis,Saint John Figtree
Saint Kitts and Nevis,Saint Mary Cayon
Saint Kitts and Nevis,Saint Paul Capesterre
Saint Lucia,Anse-la-Raye
Saint Lucia,Vieux-Fort
Saint Lucia,Canaries
Saint Lucia,Castries
Saint Lucia,Choiseul
Saint Lucia,Dennery
Saint Lucia,Gros-Islet
Saint Lucia,Laborie
Saint Lucia,Micoud
Saint Lucia,Soufriere
Saint Vincent and the Grenadines,Charlotte
Saint Vincent and the Grenadines,Saint Andrew
Saint Vincent and the Grenadines,Saint David
Saint Vincent and the Grenadines,Saint George
Saint Vincent and the Grenadines,Saint Patrick
Saint Vincent and the Grenadines,Grenadines
Samoa,Gaga`emauga
Samoa,Satupa`itea
Samoa,'A''ana'
Samoa,Tuamasaga
Samoa,Vaisigano
Samoa,Aiga-i-le-Tai
Samoa,Atua
Samoa,Fa`asaleleaga
Samoa,Va`a-o-Fonoti
Samoa,Gagaifomauga
Samoa,Palauli
San Marino,Acquaviva
San Marino,Chiesanuova
San Marino,Domagnano
San Marino,Faetano
San Marino,Fiorentino
San Marino,Borgo Maggiore
San Marino,San Marino
San Marino,Montegiardino
San Marino,Serravalle
Sao Tome and Principe,Principe
Sao Tome and Principe,Sao Tome Island
Saudi Arabia,Ar Riyad
Saudi Arabia,'Asir
Saudi Arabia,Hai''l
Saudi Arabia,Makkah
Saudi Arabia,Northern Borders
Saudi Arabia,Najran
Saudi Arabia,Jizan
Saudi Arabia,Tabuk
Saudi Arabia,Al Bahah
Saudi Arabia,Al Jawf
Saudi Arabia,Al Madinah al Munawwarah
Saudi Arabia,Eastern Province
Saudi Arabia,Al-Qassim
Senegal,Dakar
Senegal,Kaolack
Senegal,Kolda
Senegal,Ziguinchor
Senegal,Louga
Senegal,Saint-Louis
Senegal,Matam
Senegal,Kaffrine
Senegal,Kedougou
Senegal,Sedhiou
Senegal,Diourbel
Senegal,Tambacounda
Senegal,Thies
Senegal,Fatick
Serbia,Central Serbia
Serbia,Vojvodina
Seychelles,Anse-aux-Pins
Seychelles,Anse Etoile
Seychelles,Baie Lazare
Seychelles,Baie Sainte Anne
Seychelles,Bel Air
Seychelles,Bel Ombre
Seychelles,Cascade
Seychelles,Glacis
Seychelles,Grand Anse Praslin
Seychelles,Mont Buxton
Seychelles,Mont Fleuri
Seychelles,Plaisance
Seychelles,Anse Boileau
Seychelles,Pointe Larue
Seychelles,Saint Louis
Seychelles,Takamaka
Seychelles,Grand Anse Mahe
Seychelles,Inner Islands
Seychelles,English River
Seychelles,Port Glaud
Seychelles,Au Cap
Seychelles,Les Mamelles
Seychelles,Roche Caiman
Seychelles,Anse Royale
Seychelles,Beau Vallon
Sierra Leone,Eastern Province
Sierra Leone,Northern Province
Sierra Leone,Southern Province
Sierra Leone,Western Area
Singapore,North East
Singapore,North West
Singapore,South East
Singapore,South West
Singapore,Central Singapore
Slovakia,Banskobystricky
Slovakia,Bratislavsky
Slovakia,Kosicky
Slovakia,Nitriansky
Slovakia,Presovsky
Slovakia,Trenciansky
Slovakia,Trnavsky
Slovakia,Zilinsky
Slovenia,Ajdovscina
Slovenia,Celje
Slovenia,Cerklje na Gorenjskem
Slovenia,Cerknica
Slovenia,Cerkno
Slovenia,Crensovci
Slovenia,Crna na Koroskem
Slovenia,Crnomelj
Slovenia,Divaca
Slovenia,Beltinci
Slovenia,Dobrepolje
Slovenia,Dol pri Ljubljani
Slovenia,Dornava
Slovenia,Dravograd
Slovenia,Duplek
Slovenia,Gorenja Vas-Poljane
Slovenia,Gorisnica
Slovenia,Gornja Radgona
Slovenia,Bled
Slovenia,Gornji Grad
Slovenia,Gornji Petrovci
Slovenia,Grosuplje
Slovenia,Hrastnik
Slovenia,Hrpelje-Kozina
Slovenia,Idrija
Slovenia,Ig
Slovenia,Ilirska Bistrica
Slovenia,Ivancna Gorica
Slovenia,Bohinj
Slovenia,Izola-Isola
Slovenia,Jursinci
Slovenia,Kanal
Slovenia,Kidricevo
Slovenia,Kobarid
Slovenia,Kobilje
Slovenia,Komen
Slovenia,Borovnica
Slovenia,Koper-Capodistria
Slovenia,Kozje
Slovenia,Kranj
Slovenia,Kranjska Gora
Slovenia,Krsko
Slovenia,Kungota
Slovenia,Lasko
Slovenia,Bovec
Slovenia,Ljubljana
Slovenia,Ljubno
Slovenia,Logatec
Slovenia,Loski Potok
Slovenia,Lukovica
Slovenia,Brda
Slovenia,Medvode
Slovenia,Menges
Slovenia,Metlika
Slovenia,Mezica
Slovenia,Mislinja
Slovenia,Moravce
Slovenia,Moravske Toplice
Slovenia,Mozirje
Slovenia,Brezice
Slovenia,Murska Sobota
Slovenia,Muta
Slovenia,Naklo
Slovenia,Nazarje
Slovenia,Nova Gorica
Slovenia,Odranci
Slovenia,Ormoz
Slovenia,Osilnica
Slovenia,Pesnica
Slovenia,Brezovica
Slovenia,Pivka
Slovenia,Podcetrtek
Slovenia,Postojna
Slovenia,Puconci
Slovenia,Race-Fram
Slovenia,Radece
Slovenia,Radenci
Slovenia,Radlje ob Dravi
Slovenia,Radovljica
Slovenia,Rogasovci
Slovenia,Rogaska Slatina
Slovenia,Rogatec
Slovenia,Semic
Slovenia,Sencur
Slovenia,Sentilj
Slovenia,Sentjernej
Slovenia,Sevnica
Slovenia,Sezana
Slovenia,Skocjan
Slovenia,Skofja Loka
Slovenia,Skofljica
Slovenia,Slovenj Gradec
Slovenia,Slovenska Konjice
Slovenia,Smarje pri Jelsah
Slovenia,Smartno ob Paki
Slovenia,Sostanj
Slovenia,Starse
Slovenia,Store
Slovenia,Sveti Jurij
Slovenia,Tolmin
Slovenia,Trbovlje
Slovenia,Trebnje
Slovenia,Trzic
Slovenia,Turnisce
Slovenia,Velenje
Slovenia,Velike Lasce
Slovenia,Vipava
Slovenia,Vitanje
Slovenia,Vodice
Slovenia,Vrhnika
Slovenia,Vuzenica
Slovenia,Zagorje ob Savi
Slovenia,Zavrc
Slovenia,Zelezniki
Slovenia,Ziri
Slovenia,Zrece
Slovenia,Benedikt
Slovenia,Bistrica ob Sotli
Slovenia,Bloke
Slovenia,Braslovce
Slovenia,Cankova
Slovenia,Cerkvenjak
Slovenia,Destrnik
Slovenia,Dobje
Slovenia,Dobrna
Slovenia,Dobrova-Horjul-Polhov Gradec
Slovenia,Dobrovnik-Dobronak
Slovenia,Dolenjske Toplice
Slovenia,Domzale
Slovenia,Grad
Slovenia,Hajdina
Slovenia,Hoce-Slivnica
Slovenia,Hodos-Hodos
Slovenia,Horjul
Slovenia,Jesenice
Slovenia,Jezersko
Slovenia,Kamnik
Slovenia,Kocevje
Slovenia,Komenda
Slovenia,Kostel
Slovenia,Krizevci
Slovenia,Kuzma
Slovenia,Lenart
Slovenia,Lendava-Lendva
Slovenia,Litija
Slovenia,Ljutomer
Slovenia,Loska Dolina
Slovenia,Lovrenc na Pohorju
Slovenia,Luce
Slovenia,Majsperk
Slovenia,Maribor
Slovenia,Markovci
Slovenia,Miklavz na Dravskem Polju
Slovenia,Miren-Kostanjevica
Slovenia,Mirna Pec
Slovenia,Novo Mesto
Slovenia,Oplotnica
Slovenia,Piran-Pirano
Slovenia,Podlehnik
Slovenia,Podvelka
Slovenia,Polzela
Slovenia,Prebold
Slovenia,Preddvor
Slovenia,Prevalje
Slovenia,Ptuj
Slovenia,Ravne na Koroskem
Slovenia,Razkrizje
Slovenia,Ribnica
Slovenia,Ribnica na Pohorju
Slovenia,Ruse
Slovenia,Salovci
Slovenia,Selnica ob Dravi
Slovenia,Sempeter-Vrtojba
Slovenia,Sentjur
Slovenia,Slovenska Bistrica
Slovenia,Smartno pri Litiji
Slovenia,Sodrazica
Slovenia,Solcava
Slovenia,Sveta Ana
Slovenia,Sveti Andraz v Slovenskih Goricah
Slovenia,Tabor
Slovenia,Tisina
Slovenia,Trnovska Vas
Slovenia,Trzin
Slovenia,Velika Polana
Slovenia,Verzej
Slovenia,Videm
Slovenia,Vojnik
Slovenia,Vransko
Slovenia,Zalec
Slovenia,Zetale
Slovenia,Zirovnica
Slovenia,Zuzemberk
Slovenia,Apace
Slovenia,Cirkulane
Slovenia,Gorje
Slovenia,Kostanjevica na Krki
Slovenia,Log-Dragomer
Slovenia,Makole
Slovenia,Mirna
Slovenia,Mokronog-Trebelno
Slovenia,Poljcane
Slovenia,Recica ob Savinji
Slovenia,Rence-Vogrsko
Slovenia,Sentrupert
Slovenia,Smarjeske Toplice
Slovenia,Sredisce ob Dravi
Slovenia,Straza
Slovenia,Sv. Trojica v Slov. Goricah
Slovenia,Sveti Jurij v Slovenskih Goricah
Slovenia,Sveti Tomaz
Slovenia,Comune di Ancarano
Solomon Islands,Central Province
Solomon Islands,Western Province
Solomon Islands,Choiseul
Solomon Islands,Rennell and Bellona
Solomon Islands,Honiara
Solomon Islands,Malaita
Solomon Islands,Guadalcanal
Solomon Islands,Isabel
Solomon Islands,Makira
Solomon Islands,Temotu
Somalia,Bakool
Somalia,Mudug
Somalia,Sanaag
Somalia,Middle Shabele
Somalia,Lower Shabeelle
Somalia,Nugaal
Somalia,Togdheer
Somalia,Banaadir
Somalia,Woqooyi Galbeed
Somalia,Awdal
Somalia,Sool
Somalia,Bari
Somalia,Bay
Somalia,Galguduud
Somalia,Gedo
Somalia,Hiiraan
Somalia,Middle Juba
Somalia,Lower Juba
South Africa,North-West
South Africa,Western Cape
South Africa,KwaZulu-Natal
South Africa,Orange Free State
South Africa,Eastern Cape
South Africa,Gauteng
South Africa,Mpumalanga
South Africa,Northern Cape
South Africa,Limpopo
Spain,Navarre
Spain,Andalusia
Spain,Aragon
Spain,Canary Islands
Spain,Castille-La Mancha
Spain,Castille and Leon
Spain,Catalonia
Spain,Extremadura
Spain,Galicia
Spain,Basque Country
Spain,Balearic Islands
Spain,A Coruna
Spain,Alava
Spain,Albacete
Spain,Alicante
Spain,Almeria
Spain,Asturias
Spain,Avila
Spain,Badajoz
Spain,Baleares
Spain,Barcelona
Spain,Burgos
Spain,Caceres
Spain,Cadiz
Spain,Cantabria
Spain,Castellon
Spain,Ceuta
Spain,Ciudad Real
Spain,Cordoba
Spain,Cuenca
Spain,Girona
Spain,Granada
Spain,Guadalajara
Spain,Guipuzcoa
Spain,Huelva
Spain,Huesca
Spain,Jaen
Spain,Leon
Spain,Lleida
Spain,Las Palmas
Spain,La Rioja
Spain,Lugo
Spain,Madrid
Spain,Malaga
Spain,Melilla
Spain,Murcia
Spain,Navarra
Spain,Ourense
Spain,Palencia
Spain,Pontevedra
Spain,Salamanca
Spain,Santa Cruz de Tenerife
Spain,Segovia
Spain,Sevilla
Spain,Soria
Spain,Tarragona
Spain,Teruel
Spain,Toledo
Spain,Valencia
Spain,Vizcaya
Spain,Valladolid
Spain,Zamora
Spain,Zaragoza
Sri Lanka,Central
Sri Lanka,North Central
Sri Lanka,North Western
Sri Lanka,Sabaragamuwa
Sri Lanka,Southern
Sri Lanka,Uva
Sri Lanka,Western
Sri Lanka,Eastern Province
Sri Lanka,Northern Province
St. Helena,Ascension
St. Helena,Saint Helena
St. Helena,Tristan da Cunha
St. Pierre and Miquelon,Miquelon-Langlade
St. Pierre and Miquelon,Saint-Pierre
Sudan,Khartoum
Sudan,Red Sea
Sudan,Al Jazirah
Sudan,Al Qadarif
Sudan,White Nile
Sudan,Blue Nile
Sudan,Northern State
Sudan,Western Darfur
Sudan,Southern Darfur
Sudan,Southern Kordofan
Sudan,Kassala
Sudan,River Nile
Sudan,Northern Darfur
Sudan,North Kordofan
Sudan,Sinnar
Sudan,Eastern Darfur
Sudan,Central Darfur
Sudan,West Kordofan State
Suriname,Brokopondo
Suriname,Commewijne
Suriname,Coronie
Suriname,Marowijne
Suriname,Nickerie
Suriname,Para
Suriname,Paramaribo
Suriname,Saramacca
Suriname,Sipaliwini
Suriname,Wanica
Svalbard and Jan Mayen Islands,Svalbard
Svalbard and Jan Mayen Islands,Jan Mayen
Swaziland,Hhohho
Swaziland,Lubombo
Swaziland,Manzini
Swaziland,Shiselweni
Sweden,Dalarna
Sweden,Kronoberg
Sweden,Norrbotten
Sweden,OErebro
Sweden,OEstergoetland
Sweden,Soedermanland
Sweden,Blekinge
Sweden,Uppsala
Sweden,Vaermland
Sweden,Vaesterbotten
Sweden,Vaesternorrland
Sweden,Vaestmanland
Sweden,Stockholm
Sweden,Skane
Sweden,Vaestra Goetaland
Sweden,Gaevleborg
Sweden,Gotland
Sweden,Halland
Sweden,Jaemtland
Sweden,Joenkoeping
Sweden,Kalmar
Switzerland,Aargau
Switzerland,Appenzell Innerrhoden
Switzerland,Appenzell Ausserrhoden
Switzerland,Bern
Switzerland,Basel-Landschaft
Switzerland,Basel-City
Switzerland,Fribourg
Switzerland,Geneva
Switzerland,Glarus
Switzerland,Grisons
Switzerland,Jura
Switzerland,Lucerne
Switzerland,Neuchatel
Switzerland,Nidwalden
Switzerland,Obwalden
Switzerland,Saint Gallen
Switzerland,Schaffhausen
Switzerland,Solothurn
Switzerland,Schwyz
Switzerland,Thurgau
Switzerland,Ticino
Switzerland,Uri
Switzerland,Vaud
Switzerland,Valais
Switzerland,Zug
Switzerland,Zurich
Syrian Arab Republic,Al-Hasakah
Syrian Arab Republic,Hama
Syrian Arab Republic,Homs
Syrian Arab Republic,Idlib
Syrian Arab Republic,Dimashq
Syrian Arab Republic,Tartus
Syrian Arab Republic,Latakia
Syrian Arab Republic,Quneitra
Syrian Arab Republic,Ar-Raqqah
Syrian Arab Republic,As-Suwayda
Syrian Arab Republic,Daraa
Syrian Arab Republic,Deir ez-Zor
Syrian Arab Republic,Rif-dimashq
Syrian Arab Republic,Aleppo
Taiwan,Fukien
Taiwan,Takao
Taiwan,Taipei
Taiwan,Taiwan
Tajikistan,Gorno-Badakhshan
Tajikistan,Khatlon
Tajikistan,Viloyati Sughd
Tajikistan,Dushanbe
Tajikistan,Republican Subordination
Tanzania,Morogoro
Tanzania,Mtwara
Tanzania,Mwanza
Tanzania,Pemba North
Tanzania,Ruvuma
Tanzania,Shinyanga
Tanzania,Singida
Tanzania,Tabora
Tanzania,Tanga
Tanzania,Kagera
Tanzania,Pwani
Tanzania,Pemba South
Tanzania,Zanzibar Central/South
Tanzania,Zanzibar North
Tanzania,Dar es Salaam
Tanzania,Rukwa
Tanzania,Zanzibar Urban/West
Tanzania,Arusha
Tanzania,Manyara
Tanzania,Geita
Tanzania,Katavi
Tanzania,Dodoma
Tanzania,Njombe
Tanzania,Simiyu
Tanzania,Iringa
Tanzania,Kigoma
Tanzania,Kilimanjaro
Tanzania,Lindi
Tanzania,Mara
Tanzania,Mbeya
Thailand,Mae Hong Son
Thailand,Uttaradit
Thailand,Kamphaeng Phet
Thailand,Phitsanulok
Thailand,Phichit
Thailand,Phetchabun
Thailand,Uthai Thani
Thailand,Nakhon Sawan
Thailand,Nong Khai
Thailand,Loei
Thailand,Chiang Mai
Thailand,Sakon Nakhon
Thailand,Khon Kaen
Thailand,Kalasin
Thailand,Maha Sarakham
Thailand,Roi Et
Thailand,Chaiyaphum
Thailand,Nakhon Ratchasima
Thailand,Buriram
Thailand,Surin
Thailand,Chiang Rai
Thailand,Sisaket
Thailand,Narathiwat
Thailand,Chai Nat
Thailand,Sing Buri
Thailand,Lop Buri
Thailand,Ang Thong
Thailand,Phra Nakhon Si Ayutthaya
Thailand,Sara Buri
Thailand,Nonthaburi
Thailand,Pathum Thani
Thailand,Nan
Thailand,Bangkok
Thailand,Phayao
Thailand,Samut Prakan
Thailand,Nakhon Nayok
Thailand,Chachoengsao
Thailand,Chon Buri
Thailand,Rayong
Thailand,Chanthaburi
Thailand,Trat
Thailand,Lamphun
Thailand,Kanchanaburi
Thailand,Suphan Buri
Thailand,Ratchaburi
Thailand,Nakhon Pathom
Thailand,Samut Songkhram
Thailand,Samut Sakhon
Thailand,Phetchaburi
Thailand,Prachuap Khiri Khan
Thailand,Chumphon
Thailand,Ranong
Thailand,Lampang
Thailand,Surat Thani
Thailand,Phangnga
Thailand,Phuket
Thailand,Krabi
Thailand,Nakhon Si Thammarat
Thailand,Trang
Thailand,Phatthalung
Thailand,Satun
Thailand,Songkhla
Thailand,Pattani
Thailand,Phrae
Thailand,Yala
Thailand,Yasothon
Thailand,Nakhon Phanom
Thailand,Prachin Buri
Thailand,Changwat Ubon Ratchathani
Thailand,Changwat Udon Thani
Thailand,Amnat Charoen
Thailand,Mukdahan
Thailand,Changwat Nong Bua Lamphu
Thailand,Tak
Thailand,Sa Kaeo
Thailand,Changwat Bueng Kan
Thailand,Sukhothai
Togo,Centrale
Togo,Kara
Togo,Maritime
Togo,Plateaux
Togo,Savanes
Tokelau,Atafu
Tokelau,Fakaofo
Tokelau,Nukunonu
Tonga,Ha`apai
Tonga,Tongatapu
Tonga,Vava`u
Tonga,''Eua
Tonga,Niuas
Trinidad and Tobago,Borough of Arima
Trinidad and Tobago,City of San Fernando
Trinidad and Tobago,Tobago
Trinidad and Tobago,Mayaro
Trinidad and Tobago,City of Port of Spain
Trinidad and Tobago,Chaguanas
Trinidad and Tobago,Couva-Tabaquite-Talparo
Trinidad and Tobago,Diego Martin
Trinidad and Tobago,Eastern Tobago
Trinidad and Tobago,Penal/Debe
Trinidad and Tobago,Princes Town
Trinidad and Tobago,Point Fortin
Trinidad and Tobago,Sangre Grande
Trinidad and Tobago,Siparia
Trinidad and Tobago,San Juan/Laventille
Trinidad and Tobago,Tunapuna/Piarco
Tunisia,Kef
Tunisia,Al Mahdiyah
Tunisia,Al Munastir
Tunisia,Bajah
Tunisia,Banzart
Tunisia,Nabul
Tunisia,Al Qasrayn
Tunisia,Silyanah
Tunisia,Susah
Tunisia,Bin ''Arus
Tunisia,Madanin
Tunisia,Qabis
Tunisia,Al Qayrawan
Tunisia,Gafsa
Tunisia,Qibili
Tunisia,Safaqis
Tunisia,Sidi Bu Zayd
Tunisia,Tataouine
Tunisia,Tawzar
Tunisia,Tunis
Tunisia,Zaghwan
Tunisia,Ariana
Tunisia,Manouba
Tunisia,Jundubah
Turkey,Balikesir
Turkey,Bilecik
Turkey,Bingoel
Turkey,Bitlis
Turkey,Bolu
Turkey,Burdur
Turkey,Bursa
Turkey,Canakkale
Turkey,Corum
Turkey,Adiyaman
Turkey,Denizli
Turkey,Diyarbakir
Turkey,Edirne
Turkey,Elazig
Turkey,Erzincan
Turkey,Erzurum
Turkey,Eskisehir
Turkey,Giresun
Turkey,Afyonkarahisar
Turkey,Hatay
Turkey,Mersin
Turkey,Isparta
Turkey,Istanbul
Turkey,Izmir
Turkey,Kastamonu
Turkey,Kayseri
Turkey,Kirklareli
Turkey,Agri
Turkey,Kirsehir
Turkey,Kocaeli
Turkey,Kuetahya
Turkey,Malatya
Turkey,Manisa
Turkey,Kahramanmaras
Turkey,Mugla
Turkey,Mus
Turkey,Amasya
Turkey,Nevsehir
Turkey,Ordu
Turkey,Rize
Turkey,Sakarya
Turkey,Samsun
Turkey,Sinop
Turkey,Sivas
Turkey,Tekirdag
Turkey,Tokat
Turkey,Trabzon
Turkey,Tunceli
Turkey,Sanliurfa
Turkey,Usak
Turkey,Van
Turkey,Yozgat
Turkey,Ankara
Turkey,Gumushane
Turkey,Antalya
Turkey,Hakkari
Turkey,Konya
Turkey,Mardin
Turkey,Nigde
Turkey,Siirt
Turkey,Aksaray
Turkey,Batman
Turkey,Bayburt
Turkey,Karaman
Turkey,Kirikkale
Turkey,Artvin
Turkey,Sirnak
Turkey,Adana
Turkey,Cankiri
Turkey,Gaziantep
Turkey,Kars
Turkey,Zonguldak
Turkey,Ardahan
Turkey,Bartin
Turkey,Igdir
Turkey,Karabuk
Turkey,Aydin
Turkey,Kilis
Turkey,Osmaniye
Turkey,Yalova
Turkey,Duzce
Turkmenistan,Ashgabat
Turkmenistan,Ahal
Turkmenistan,Balkan
Turkmenistan,Dasoguz
Turkmenistan,Lebap
Turkmenistan,Mary
Tuvalu,Funafuti
Tuvalu,Niutao
Tuvalu,Nukufetau
Tuvalu,Nukulaelae
Tuvalu,Nanumea
Tuvalu,Nanumanga
Tuvalu,Nui
Tuvalu,Vaitupu
Uganda,Central Region
Uganda,Eastern Region
Uganda,Northern Region
Uganda,Western Region
Ukraine,Cherkasy
Ukraine,Kirovohrad
Ukraine,Republic of Crimea
Ukraine,Kyiv City
Ukraine,Kiev
Ukraine,Luhansk
Ukraine,Lviv
Ukraine,Mykolaiv
Ukraine,Odessa
Ukraine,Poltava
Ukraine,Rivne
Ukraine,Chernihiv
Ukraine,Gorod Sevastopol
Ukraine,Sumy
Ukraine,Ternopil
Ukraine,Vinnyts''ka
Ukraine,Volyn
Ukraine,Transcarpathia
Ukraine,Zaporizhia
Ukraine,Zhytomyr
Ukraine,Chernivtsi
Ukraine,Dnipropetrovsk
Ukraine,Donetsk
Ukraine,Ivano-Frankivsk
Ukraine,Kharkiv
Ukraine,Kherson
Ukraine,Khmelnytskyi
United Arab Emirates,Abu Dhabi
United Arab Emirates,Ajman
United Arab Emirates,Dubai
United Arab Emirates,Al Fujayrah
United Arab Emirates,Ras al-Khaymah
United Arab Emirates,Al Sharjah
United Arab Emirates,Umm al-Qaywayn
United Kingdom,England
United Kingdom,Northern Ireland
United Kingdom,Scotland
United Kingdom,Wales
United States,Alaska
United States,Alabama
United States,Arkansas
United States,Arizona
United States,California
United States,Colorado
United States,Connecticut
United States,"Washington,D.C"
United States,Delaware
United States,Florida
United States,Georgia
United States,Hawaii
United States,Iowa
United States,Idaho
United States,Illinois
United States,Indiana
United States,Kansas
United States,Kentucky
United States,Louisiana
United States,Massachusetts
United States,Maryland
United States,Maine
United States,Michigan
United States,Minnesota
United States,Missouri
United States,Mississippi
United States,Montana
United States,North Carolina
United States,North Dakota
United States,Nebraska
United States,New Hampshire
United States,New Jersey
United States,New Mexico
United States,Nevada
United States,New York
United States,Ohio
United States,Oklahoma
United States,Oregon
United States,Pennsylvania
United States,Rhode Island
United States,South Carolina
United States,South Dakota
United States,Tennessee
United States,Texas
United States,Utah
United States,Virginia
United States,Vermont
United States,Washington
United States,Wisconsin
United States,West Virginia
United States,Wyoming
United States minor outlying islands,Baker Island
United States minor outlying islands,Howland Island
United States minor outlying islands,Jarvis Island
United States minor outlying islands,Johnston Atoll
United States minor outlying islands,Kingman Reef
United States minor outlying islands,Midway Islands
United States minor outlying islands,Navassa Island
United States minor outlying islands,Palmyra Atoll
United States minor outlying islands,Wake Island
Uruguay,Artigas
Uruguay,Montevideo
Uruguay,Paysandu
Uruguay,Rio Negro
Uruguay,Rivera
Uruguay,Rocha
Uruguay,Salto
Uruguay,San Jose
Uruguay,Soriano
Uruguay,Tacuarembo
Uruguay,Treinta y Tres
Uruguay,Canelones
Uruguay,Cerro Largo
Uruguay,Colonia
Uruguay,Durazno
Uruguay,Flores
Uruguay,Florida
Uruguay,Lavalleja
Uruguay,Maldonado
Uzbekistan,Andijon
Uzbekistan,Samarqand
Uzbekistan,Surxondaryo
Uzbekistan,Toshkent Shahri
Uzbekistan,Toshkent
Uzbekistan,Jizzax
Uzbekistan,Sirdaryo
Uzbekistan,Bukhara
Uzbekistan,Fergana
Uzbekistan,Xorazm
Uzbekistan,Namangan
Uzbekistan,Navoiy
Uzbekistan,Qashqadaryo
Uzbekistan,Karakalpakstan
Vanuatu,Sanma
Vanuatu,Tafea
Vanuatu,Malampa
Vanuatu,Penama
Vanuatu,Shefa
Vanuatu,Torba
Venezuela,Amazonas
Venezuela,Falcon
Venezuela,Guarico
Venezuela,Lara
Venezuela,Merida
Venezuela,Miranda
Venezuela,Monagas
Venezuela,Nueva Esparta
Venezuela,Portuguesa
Venezuela,Sucre
Venezuela,Anzoategui
Venezuela,Tachira
Venezuela,Trujillo
Venezuela,Yaracuy
Venezuela,Zulia
Venezuela,Dependencias Federales
Venezuela,Capital
Venezuela,Vargas
Venezuela,Apure
Venezuela,Aragua
Venezuela,Barinas
Venezuela,Bolivar
Venezuela,Carabobo
Venezuela,Cojedes
Venezuela,Delta Amacuro
Vietnam,An Giang
Vietnam,Hai Phong
Vietnam,Ho Chi Minh City
Vietnam,Kien Giang
Vietnam,Lam Dong
Vietnam,Long An
Vietnam,Ben Tre
Vietnam,Quang Ninh
Vietnam,Son La
Vietnam,Tay Ninh
Vietnam,Thanh Hoa
Vietnam,Thai Binh
Vietnam,Tien Giang
Vietnam,Lang Son
Vietnam,Dong Nai
Vietnam,Ha Noi
Vietnam,Ba Ria-Vung Tau
Vietnam,Binh Dinh
Vietnam,Binh Thuan
Vietnam,Gia Lai
Vietnam,Cao Bang
Vietnam,Ha Giang
Vietnam,Ha Tinh
Vietnam,Hoa Binh
Vietnam,Khanh Hoa
Vietnam,Kon Tum
Vietnam,Nghe An
Vietnam,Ninh Binh
Vietnam,Ninh Thuan
Vietnam,Phu Yen
Vietnam,Quang Binh
Vietnam,Quang Ngai
Vietnam,Quang Tri
Vietnam,Soc Trang
Vietnam,Thua Thien-Hue
Vietnam,Tra Vinh
Vietnam,Tuyen Quang
Vietnam,Vinh Long
Vietnam,Yen Bai
Vietnam,Bac Giang
Vietnam,Bac Kan
Vietnam,Bac Lieu
Vietnam,Bac Ninh
Vietnam,Binh Duong
Vietnam,Binh Phuoc
Vietnam,Ca Mau
Vietnam,Da Nang
Vietnam,Hai Duong
Vietnam,Ha Nam
Vietnam,Hung Yen
Vietnam,Nam Dinh
Vietnam,Phu Tho
Vietnam,Quang Nam
Vietnam,Thai Nguyen
Vietnam,Vinh Phuc
Vietnam,Can Tho
Vietnam,Dac Lak
Vietnam,Lai Chau
Vietnam,Dong Thap
Vietnam,Lao Cai
Vietnam,Dak Nong
Vietnam,Tinh Dien Bien
Vietnam,Hau Giang
Virgin Islands (U.S.),Saint Croix Island
Virgin Islands (U.S.),Saint John Island
Virgin Islands (U.S.),Saint Thomas Island
Wallis and Futuna Islands,Circonscription d''Alo
Wallis and Futuna Islands,Circonscription de Sigave
Wallis and Futuna Islands,Circonscription d''Uvea
Yemen,Abyan
Yemen,Al Mahwit
Yemen,Dhamar
Yemen,Ma''rib
Yemen,Sa''dah
Yemen,Sanaa
Yemen,Ad Dali'
Yemen,Omran
Yemen,Aden
Yemen,Muhafazat al
Yemen,Al Jawf
Yemen,Hajjah
Yemen,Ibb
Yemen,Lahij
Yemen,'Ta''izz'
Yemen,Amanat Al Asimah
Yemen,Raymah
Yemen,Soqatra
Yemen,Al Mahrah
Yemen,Muhafazat Hadramawt
Yemen,Shabwah
Yemen,Al Hudaydah
Zambia,Western
Zambia,Muchinga
Zambia,Central
Zambia,Eastern
Zambia,Luapula
Zambia,Northern
Zambia,North-Western
Zambia,Southern
Zambia,Copperbelt
Zambia,Lusaka
Zimbabwe,Manicaland
Zimbabwe,Harare
Zimbabwe,Midlands
Zimbabwe,Mashonaland Central
Zimbabwe,Mashonaland East
Zimbabwe,Mashonaland West
Zimbabwe,Matabeleland North
Zimbabwe,Matabeleland South
Zimbabwe,Masvingo
Zimbabwe,Bulawayo
